B,I_c
-10,0.084382456141304
-9.98581538462901,0.086
-9.98162406014567,0.088
-9.98060937500145,0.092
-9.98060937500145,0.092
-9.98,0.0881636363630158
-9.98,0.0918790697671819
-9.98,0.0920742857145242
-9.97929411764522,0.092
-9.97798130842127,0.088
-9.96573584906975,0.086
-9.96,0.0856505747099487
-9.95532307689473,0.086
-9.94992670156282,0.088
-9.94784615382568,0.09
-9.94,0.0911826086957244
-9.93473548387984,0.09
-9.93007821229446,0.084
-9.92752631580077,0.088
-9.92,0.0862666666654255
-9.92,0.0858222222226084
-9.92,0.0829977777781874
-9.91920361991148,0.086
-9.9,0.0823191919203002
-9.89128795811868,0.084
-9.88138521401148,0.09
-9.88138521401148,0.09
-9.88,0.0854091503254284
-9.88,0.0896291666653867
-9.88,0.090515942030307
-9.87845887445397,0.09
-9.86,0.0848544217690646
-9.85013432836732,0.088
-9.8431599999916,0.086
-9.84,0.0892401826490413
-9.82,0.0889385620910812
-9.81587234041946,0.086
-9.80694545455733,0.088
-9.8,0.0843956989239356
-9.79091358026705,0.084
-9.78,0.0836651515146861
-9.77539583333086,0.084
-9.76,0.0859320261443536
-9.75773737372466,0.088
-9.75752380954959,0.086
-9.74,0.0892453900715994
-9.72874358973729,0.088
-9.72112820517349,0.086
-9.72,0.085964227640665
-9.71599999985106,0.086
-9.7,0.0865866666642637
-9.69511111110332,0.086
-9.69511111110332,0.086
-9.68429629634583,0.088
-9.68,0.0881681159453223
-9.68,0.0850933333352448
-9.68,0.0876484848419403
-9.67793939394457,0.086
-9.66861261262757,0.09
-9.66271212121879,0.092
-9.66,0.0930376811614644
-9.65541025640243,0.092
-9.6445757575712,0.088
-9.64,0.0910106995875867
-9.64,0.0883947712417167
-9.64,0.0876752688174743
-9.63383673469638,0.088
-9.62188372093756,0.086
-9.62066141733292,0.09
-9.62,0.0858388059695872
-9.62,0.0863857142871771
-9.62,0.0898833333316267
-9.61962831857897,0.09
-9.61811627906352,0.086
-9.6110315789441,0.092
-9.60246153846915,0.094
-9.6,0.0948156862747744
-9.59610322579787,0.096
-9.59135714286446,0.098
-9.58,0.0984239999999257
-9.57738271604854,0.098
-9.56400000000378,0.096
-9.56,0.0954378378364935
-9.54808955224197,0.094
-9.54,0.093231205674733
-9.53397777778306,0.094
-9.52687179484829,0.096
-9.52,0.0969403508756348
-9.51742307693416,0.096
-9.5,0.0945788235290051
-9.49004395604261,0.096
-9.48,0.0969989071032659
-9.46721338912212,0.094
-9.46,0.0964626262631253
-9.46,0.0953060606048814
-9.46,0.0932438596498055
-9.44,0.0971477124170366
-9.44,0.0942784313716798
-9.44,0.0935017543865095
-9.43271794873646,0.094
-9.42980952383978,0.092
-9.42980952383978,0.092
-9.4289559748468,0.096
-9.42,0.094516666666496
-9.42,0.0915838383827727
-9.42,0.0932484848501323
-9.41007228914317,0.092
-9.40739823009024,0.096
-9.40645783129315,0.098
-9.4,0.0984060606035782
-9.39479611652529,0.098
-9.38980487803869,0.096
-9.38,0.0947238095245154
-9.37400000001211,0.096
-9.36,0.0968566210050048
-9.35823255813679,0.094
-9.35823255813679,0.094
-9.3503692307633,0.098
-9.34,0.0988641025634724
-9.34,0.0934318840578213
-9.34,0.0949679012332269
-9.33500636942585,0.094
-9.32,0.0992213333316032
-9.31409032258902,0.098
-9.30843243241405,0.096
-9.30839408867278,0.094
-9.3,0.0930533333336064
-9.28,0.0931300000019797
-9.26,0.0928952380976901
-9.25557647057064,0.092
-9.25284210515877,0.09
-9.24,0.0898786069659187
-9.23840522876784,0.09
-9.23529166667003,0.094
-9.23225730993591,0.092
-9.22437037040177,0.096
-9.22115032678811,0.098
-9.22,0.0981543859639289
-9.21829126214654,0.098
-9.21451162786689,0.096
-9.2,0.0941090909126115
-9.19969491524393,0.094
-9.19557281551452,0.092
-9.18,0.091257407407597
-9.16155555554082,0.096
-9.16155555554082,0.096
-9.16,0.091120987652965
-9.16,0.0958406504080895
-9.16,0.0960837606829295
-9.15591666670933,0.096
-9.14742222221767,0.094
-9.14,0.0915949685535602
-9.14,0.092650505050495
-9.14,0.0952723809508562
-9.12308860759216,0.094
-9.12305263153493,0.092
-9.12,0.0926444444374661
-9.11420000007864,0.092
-9.1,0.0916946236556753
-9.09199999999501,0.09
-9.08,0.0887492063502631
-9.0682057142871,0.092
-9.06494267515724,0.09
-9.06,0.0925837398372733
-9.0570606060628,0.09
-9.05461111111374,0.088
-9.05409053498023,0.092
-9.04,0.0867248484858198
-9.02289430894121,0.088
-9.02,0.0882637037035203
-9.00588679245056,0.086
-9.00588679245056,0.086
-9,0.0888592592616416
-9,0.0856848484850441
-9,0.0869454545436943
-8.99303999998113,0.088
-8.98885714284084,0.086
-8.98,0.0865511111100431
-8.96654794520645,0.092
-8.96654794520645,0.092
-8.96,0.0876861111108267
-8.96,0.0913496598633951
-8.96,0.0925901234565954
-8.95477595628016,0.092
-8.94689855072443,0.088
-8.94073015873341,0.086
-8.94,0.0851238095224721
-8.94,0.0865575757590201
-8.94,0.0883051282053908
-8.93844067796078,0.086
-8.92055882353243,0.09
-8.92,0.0900527777780622
-8.91051851855133,0.088
-8.9073333331786,0.09
-8.9,0.0874083333286827
-8.88345299146168,0.084
-8.88266666660785,0.086
-8.88,0.0837007407396943
-8.8785555555864,0.086
-8.8703809523986,0.084
-8.86,0.0872723809538343
-8.84,0.0877411764700969
-8.82910429447423,0.086
-8.82589573459514,0.084
-8.82374193548999,0.082
-8.82,0.0813813333310789
-8.81346478872034,0.082
-8.8,0.0831380952381928
-8.79529870129598,0.084
-8.78532824426916,0.086
-8.78,0.086788700564636
-8.7729849246298,0.086
-8.77201355932621,0.084
-8.76399999999729,0.082
-8.76,0.0811933333353813
-8.75697500000737,0.082
-8.74093617024189,0.076
-8.74093617024189,0.076
-8.74,0.0831316666670421
-8.74,0.0759770833325227
-8.74,0.07605866666879
-8.73922807014897,0.076
-8.72759817350839,0.082
-8.72,0.0807942028990205
-8.70868027211356,0.082
-8.7,0.0831192982464612
-8.68,0.0829005128208386
-8.66,0.0822313725485755
-8.65813333339275,0.08
-8.65016666670746,0.082
-8.64781481480166,0.078
-8.64,0.0774373333336916
-8.63754954954964,0.08
-8.63448366013683,0.078
-8.62128888887694,0.084
-8.62,0.0814429629636804
-8.62,0.0838567901244457
-8.62,0.0840678362567115
-8.61483161512747,0.082
-8.6,0.0846128205131881
-8.59800000005325,0.09
-8.59800000005325,0.09
-8.58506250000251,0.084
-8.58,0.0838838709675696
-8.58,0.0895914893612991
-8.58,0.0903096774195907
-8.5780828402344,0.084
-8.57781818180487,0.086
-8.57648780487411,0.09
-8.56,0.0874972222212551
-8.54057657657694,0.086
-8.54,0.0859390476190833
-8.53948800000002,0.086
-8.52177431907122,0.09
-8.52177431907122,0.09
-8.52,0.0876571428578912
-8.52,0.0890499999972693
-8.52,0.0905846153853748
-8.50914285709683,0.09
-8.5,0.0867310344826222
-8.49578021980438,0.09
-8.48986407767579,0.092
-8.48958490564927,0.088
-8.48,0.0925054726366614
-8.47560173160399,0.092
-8.47240211639545,0.09
-8.46387301590342,0.088
-8.46,0.0875215686245219
-8.45876767675604,0.088
-8.45010970464671,0.09
-8.44,0.0913311111117938
-8.43817142864486,0.094
-8.4269130435091,0.092
-8.42641739130969,0.096
-8.42463636363313,0.098
-8.42,0.0986325581392336
-8.41677470355883,0.098
-8.41197826086539,0.096
-8.41163157890518,0.094
-8.4,0.0934333333349612
-8.39532275133021,0.094
-8.38367407409004,0.096
-8.3831587301619,0.098
-8.38,0.0985645390078339
-8.36897777775263,0.096
-8.36897777775263,0.096
-8.36,0.0994020202022283
-8.36,0.0958228070175079
-8.36,0.0962540880504642
-8.35744303797629,0.096
-8.34848132779707,0.098
-8.34,0.0971483333343915
-8.32296666667911,0.098
-8.32,0.0982282051290453
-8.31215286624077,0.102
-8.30481318681526,0.1
-8.3,0.10374246575339
-8.29238260869114,0.1
-8.28769032257963,0.102
-8.28,0.0991816091955306
-8.27343250688836,0.102
-8.2719548022672,0.1
-8.26779928315105,0.104
-8.26147450979559,0.106
-8.26,0.106164912279696
-8.25721481483155,0.106
-8.24866666666872,0.104
-8.24,0.102972839504888
-8.22933333333817,0.104
-8.22,0.105797530865464
-8.20405031445884,0.102
-8.20405031445884,0.102
-8.2,0.105056666666735
-8.2,0.101688888889469
-8.2,0.102405031445822
-8.19374757281762,0.102
-8.18,0.105357894737264
-8.16444221105761,0.104
-8.16,0.103203603603237
-8.15396992481364,0.106
-8.15292800000043,0.104
-8.15250331125591,0.108
-8.14,0.109094492753428
-8.12530739299939,0.108
-8.12,0.106863333332378
-8.11317999999413,0.108
-8.10931958764791,0.106
-8.1,0.105431446539994
-8.1,0.106510734464488
-8.1,0.108998484848019
-8.09477456646337,0.106
-8.08,0.10811818181812
-8.06,0.108996825396757
-8.04,0.108320000003058
-8.02,0.108341333332302
-8,0.108877987421963
-7.981805309744,0.106
-7.981805309744,0.106
-7.98,0.10915294117802
-7.98,0.105811111110125
-7.98,0.106295652175193
-7.97762790696414,0.106
-7.96738263666259,0.114
-7.96738263666259,0.114
-7.96,0.109478518518281
-7.96,0.113099607842824
-7.96,0.115663768116241
-7.94731491712928,0.114
-7.94428346458928,0.108
-7.94,0.107657861633556
-7.93518584068577,0.108
-7.92935294119789,0.112
-7.92,0.109972413794402
-7.92,0.110072727269116
-7.92,0.112460869566529
-7.91954716983142,0.11
-7.91587012985789,0.112
-7.9,0.110595402297859
-7.89524770642802,0.11
-7.89212972973393,0.108
-7.88228054299295,0.106
-7.88,0.105505882352251
-7.87537614677749,0.106
-7.87080327868634,0.108
-7.86489090909833,0.11
-7.86390504451438,0.112
-7.86,0.11315438596489
-7.85402222221503,0.11
-7.85216666665914,0.112
-7.84812612612523,0.108
-7.84,0.10606021505619
-7.83869767436911,0.106
-7.82110526316196,0.104
-7.82,0.103949999999854
-7.81963157894641,0.104
-7.8165194805186,0.106
-7.80963265306042,0.108
-7.80781395348034,0.11
-7.8,0.111317647058805
-7.78580281691053,0.11
-7.78,0.109346031744744
-7.76115555556624,0.108
-7.76,0.107861333332127
-7.74,0.107975956282342
-7.73025531916089,0.104
-7.72712426034966,0.102
-7.72635471697758,0.106
-7.72,0.101283333334065
-7.70953043478397,0.102
-7.70146153847057,0.104
-7.7,0.104090476190964
-7.68,0.10509253731371
-7.66927659574702,0.102
-7.66708235292772,0.104
-7.66084931506617,0.096
-7.66,0.100961904761417
-7.66,0.096108771929348
-7.66,0.0959470085471558
-7.65082553190349,0.098
-7.65076571429148,0.1
-7.64455593219854,0.094
-7.64,0.092455172415527
-7.62,0.0928444444446467
-7.61422222221666,0.094
-7.60955555559955,0.096
-7.6001518987235,0.102
-7.6001518987235,0.102
-7.6,0.096661538463542
-7.6,0.101978181819697
-7.6,0.102013333332399
-7.59987755102896,0.102
-7.59362962961738,0.096
-7.58879999997401,0.092
-7.58537142859075,0.094
-7.58308000000086,0.09
-7.58,0.0881882352904894
-7.57915789475246,0.088
-7.5690000000041,0.09
-7.56,0.0904131147543537
-7.56,0.0894857142846634
-7.56,0.0862666666669267
-7.55541818181244,0.09
-7.54400000004681,0.086
-7.54179999998321,0.088
-7.54,0.0881565217374889
-7.54,0.0865600000104857
-7.54,0.0858666666645862
-7.53869090910434,0.088
-7.52505660378327,0.082
-7.52505660378327,0.082
-7.52,0.0850711864416946
-7.52,0.0816328767116647
-7.52,0.0825955555556526
-7.50085714285776,0.082
-7.5,0.0848285714301318
-7.49976315789411,0.082
-7.49680733944449,0.084
-7.49255172409379,0.08
-7.48,0.0797833333340648
-7.475717647064,0.08
-7.46688209606468,0.082
-7.46,0.0833133333312853
-7.44822764227329,0.078
-7.44580180179199,0.082
-7.44464367814507,0.08
-7.4415495495441,0.076
-7.44,0.0757560283698302
-7.43710924370501,0.076
-7.43140425534696,0.08
-7.4278802395184,0.078
-7.42,0.0802928961747827
-7.41525663717018,0.08
-7.41410837438277,0.074
-7.40605479451165,0.076
-7.40414457830462,0.078
-7.40275471697602,0.072
-7.4,0.0717404444450979
-7.38119148932558,0.076
-7.38119148932558,0.076
-7.38,0.0716927536220373
-7.38,0.0759356321861225
-7.38,0.0760321839069388
-7.36680225988881,0.07
-7.36,0.069213071895259
-7.36,0.074180392158573
-7.36,0.0767193798448091
-7.35202649005896,0.07
-7.35148623853402,0.076
-7.3467428571378,0.068
-7.3467428571378,0.068
-7.34,0.071061988303517
-7.34,0.0674841530057389
-7.34,0.06868405797103
-7.32523552123658,0.074
-7.32523552123658,0.074
-7.32452459019919,0.068
-7.32,0.0703069767441034
-7.32,0.0732338983053044
-7.32,0.0745445783131515
-7.31290052356298,0.074
-7.30149152541016,0.072
-7.3,0.0721333333320921
-7.29800000001397,0.072
-7.28968067226192,0.07
-7.2887169811302,0.066
-7.28501923076234,0.064
-7.28501923076234,0.064
-7.28263806970437,0.06
-7.28263806970437,0.06
-7.28,0.0682545454531576
-7.28,0.062800000000565
-7.28,0.0674666666700475
-7.28,0.05959
-7.28,0.0611714285714286
-7.27688607594937,0.06
-7.27371084337624,0.064
-7.26949999998604,0.066
-7.26,0.0689050505058479
-7.25316030534079,0.068
-7.24,0.0667229629619759
-7.22955151514552,0.068
-7.22,0.0693824561401542
-7.2052710280253,0.068
-7.2,0.0676000000010458
-7.18038260869455,0.066
-7.18,0.0659185185188556
-7.1793714285737,0.066
-7.17493525179703,0.068
-7.17284076431888,0.07
-7.16529870129548,0.072
-7.16022929936349,0.078
-7.16022929936349,0.078
-7.16,0.0725913043475215
-7.16,0.0779806451612591
-7.16,0.0780214285714773
-7.15976774193487,0.078
-7.1430588235303,0.07
-7.14145454548061,0.072
-7.14,0.0696533333336142
-7.1350810810713,0.07
-7.12599999998571,0.074
-7.12,0.0709538461526182
-7.12,0.0734068965521527
-7.12,0.0745733333332969
-7.11438532110402,0.072
-7.10247368420337,0.078
-7.10247368420337,0.078
-7.1,0.0753227053137888
-7.1,0.0777635220133116
-7.1,0.0783797979787097
-7.09577528090758,0.078
-7.08965313652653,0.076
-7.08766153846713,0.08
-7.08,0.0773014925372842
-7.08,0.079169999998976
-7.08,0.0807063829792871
-7.07298000000327,0.078
-7.06,0.0806962962962289
-7.05190804595551,0.082
-7.04,0.0824263374477573
-7.03136666668569,0.082
-7.02983333334444,0.08
-7.02,0.0793706666664176
-7.01652941176279,0.08
-7.00934374999644,0.082
-7,0.0832458333346133
-6.99497222223305,0.084
-6.98241666666508,0.086
-6.98,0.0861171717173272
-6.96687323943374,0.088
-6.96,0.0888133333322411
-6.95832258066034,0.094
-6.95470631969894,0.09
-6.94580582525079,0.092
-6.94,0.0951474747468629
-6.92443835617972,0.094
-6.92,0.0937365853653826
-6.9052727273011,0.094
-6.9,0.0947733333446929
-6.89914018692688,0.096
-6.89305769230179,0.098
-6.88728846153256,0.102
-6.88583439491,0.1
-6.88,0.103329824561759
-6.86953424659864,0.104
-6.86,0.104527272728886
-6.85349832776516,0.106
-6.84759509202294,0.108
-6.84123512748153,0.112
-6.84079999998512,0.11
-6.84,0.112309219858777
-6.82392105263945,0.116
-6.82,0.113476543211719
-6.82,0.114831372545202
-6.82,0.116431884058477
-6.81442105264648,0.114
-6.8,0.116872380953197
-6.79082170541801,0.118
-6.78090666665838,0.12
-6.78,0.120137373736135
-6.77728000001597,0.12
-6.76,0.119177142858039
-6.75556923078044,0.12
-6.75221052630263,0.124
-6.74976623375819,0.122
-6.74,0.12474838709628
-6.73079503105995,0.128
-6.72869767441107,0.13
-6.72,0.125836559139765
-6.72,0.126160846560708
-6.72,0.130573180076154
-6.71906748466268,0.126
-6.71067586207296,0.134
-6.7091221719431,0.136
-6.7005026178004,0.132
-6.7,0.136599999999951
-6.68873743016413,0.136
-6.68,0.135185416667307
-6.67359016393624,0.136
-6.67314851485532,0.14
-6.66823913043596,0.138
-6.6620327868943,0.142
-6.66,0.142570114944146
-6.64815238094022,0.144
-6.6435226337413,0.146
-6.64,0.147902222216712
-6.63953684207943,0.148
-6.62261538461317,0.15
-6.62,0.150480808081024
-6.60843076924032,0.152
-6.6,0.15289105691208
-6.58,0.153031111110383
-6.57558620689231,0.156
-6.57512849161578,0.154
-6.56959398496238,0.158
-6.56523428572188,0.16
-6.56092890995915,0.162
-6.56,0.162362962964716
-6.55774712642576,0.162
-6.54,0.161010256408681
-6.53473037541816,0.162
-6.52,0.163546953404448
-6.5043950617351,0.164
-6.5,0.164494444445924
-6.49942857123464,0.17
-6.49600000000484,0.166
-6.49510810810276,0.168
-6.48,0.170377777777323
-6.46957142854867,0.172
-6.46500363636282,0.174
-6.46,0.174705641025947
-6.45265753427841,0.172
-6.4458144329886,0.174
-6.44,0.171266666665496
-6.43566197182359,0.172
-6.43491891892247,0.174
-6.42,0.175082352941599
-6.41082352940862,0.176
-6.40738181818012,0.178
-6.4,0.178922727272686
-6.38,0.178028571430429
-6.36,0.178029268294704
-6.34,0.179856565657097
-6.32219883042179,0.182
-6.32,0.17955111111045
-6.32,0.181035897433942
-6.32,0.182212429379892
-6.31728859059961,0.18
-6.3,0.183788505746977
-6.29172340425897,0.182
-6.28,0.181165151515183
-6.26605063291119,0.182
-6.26605063291119,0.182
-6.26477227722794,0.18
-6.26,0.179547417840468
-6.26,0.181004166666752
-6.26,0.182579393939129
-6.25584482758703,0.18
-6.24925842696672,0.182
-6.24,0.181633777777878
-6.23007228916447,0.182
-6.22,0.182535897436738
-6.2,0.182639999999226
-6.19305263159493,0.182
-6.19042307693452,0.18
-6.18,0.179318238992726
-6.16,0.179612851405225
-6.14917520215442,0.178
-6.14,0.176779928315613
-6.12,0.176661333335094
-6.10541176470676,0.176
-6.1,0.175866666666073
-6.08536363636139,0.174
-6.08,0.173475555555556
-6.07151437699847,0.172
-6.06432876712329,0.17
-6.06,0.169157333332643
-6.0516538461581,0.168
-6.04723529411804,0.166
-6.04,0.165200000000666
-6.02,0.165215238095697
-6.01510160428154,0.162
-6.0131764705863,0.164
-6.00215384615428,0.16
-6.00135463258418,0.156
-6.00135463258418,0.156
-6,0.159662962962887
-6,0.1557604519778
-6,0.15638198198116
-5.99326984128848,0.156
-5.98,0.158546405229342
-5.96315151515047,0.16
-5.96,0.16027189542462
-5.95813452914814,0.16
-5.95686910995022,0.158
-5.94707913667651,0.156
-5.94448920863534,0.154
-5.94,0.153557446808703
-5.93247945205365,0.152
-5.92,0.150187064676601
-5.91990960450549,0.148
-5.91865232974883,0.15
-5.91064026403032,0.142
-5.91013836477773,0.146
-5.90368333333233,0.144
-5.90038951311321,0.14
-5.9,0.139966666666273
-5.89911864405876,0.14
-5.88475862067351,0.144
-5.88449999999867,0.142
-5.88,0.144224390243016
-5.87790909091749,0.144
-5.86514285711485,0.142
-5.86,0.141760000001651
-5.85041935484105,0.14
-5.84990909091278,0.138
-5.84375119617232,0.136
-5.84,0.135377777777171
-5.82,0.135005925925504
-5.8183243243275,0.132
-5.81301799486362,0.134
-5.81163557483868,0.13
-5.80583957219558,0.128
-5.80555371900285,0.126
-5.8,0.12420800000028
-5.78642424243692,0.126
-5.78,0.126336507937049
-5.77709589040616,0.126
-5.768179104474,0.124
-5.76678991596977,0.122
-5.76,0.120606896551296
-5.7533999999973,0.12
-5.74204316545122,0.116
-5.74,0.118767816091837
-5.74,0.116350617281613
-5.74,0.115729523811468
-5.73474015748127,0.118
-5.72406611570192,0.112
-5.72174489796296,0.11
-5.72,0.114012765956959
-5.72,0.113929411767352
-5.72,0.10923999999949
-5.71980434783346,0.114
-5.71179411764269,0.108
-5.7,0.107045238095189
-5.68657777777018,0.104
-5.68,0.106590476192232
-5.68,0.105409523807768
-5.68,0.102839215686322
-5.6724848484709,0.106
-5.66120634922609,0.104
-5.66,0.104168888891389
-5.65969230768733,0.104
-5.6488688524566,0.102
-5.64846979865106,0.098
-5.64823021583583,0.1
-5.64,0.0965239766091419
-5.62,0.096528514056588
-5.60875213676093,0.096
-5.60870175438069,0.094
-5.60311111111908,0.092
-5.6,0.0917040650392372
-5.59108085107055,0.09
-5.58495319149256,0.088
-5.58,0.0874535211268797
-5.5643773584882,0.084
-5.56395854921652,0.086
-5.56,0.0833555555555556
-5.54705084747935,0.086
-5.54,0.0830093189971078
-5.54,0.0857383647789488
-5.54,0.086330158730877
-5.52793013100833,0.084
-5.52700000003891,0.086
-5.5218322580719,0.082
-5.52,0.0857803921545573
-5.52,0.0822704761916443
-5.52,0.0816213333311663
-5.51092537314391,0.08
-5.50781208054103,0.084
-5.5,0.0786057142868422
-5.48,0.0784936170218749
-5.47718218622854,0.078
-5.47101986754003,0.076
-5.46223076923007,0.072
-5.46053886008925,0.074
-5.46,0.0717135802473331
-5.45780094786975,0.072
-5.44,0.0736473684219509
-5.42611764707309,0.07
-5.42544186046642,0.072
-5.42,0.0687764705878385
-5.4051428571481,0.07
-5.40371428565962,0.074
-5.4,0.0710285714310235
-5.4,0.0731333333415253
-5.4,0.0741106382962159
-5.39874074074071,0.072
-5.38,0.0740255319139974
-5.37973134329311,0.074
-5.36757142857198,0.068
-5.36757142857198,0.068
-5.36,0.0725311111117938
-5.36,0.0676376068377971
-5.36,0.0688833333333333
-5.35168627451849,0.068
-5.34,0.0727284552847835
-5.32,0.0723843137232225
-5.31821818183071,0.072
-5.3057327935306,0.078
-5.3057327935306,0.078
-5.3,0.0712409090904436
-5.3,0.0766514285698771
-5.3,0.079123809524664
-5.29471641790483,0.078
-5.28378217822851,0.07
-5.28,0.0688424242409799
-5.27560919539009,0.07
-5.26314529914453,0.074
-5.26056296295439,0.072
-5.26,0.0745219858153754
-5.24,0.0758557377049144
-5.22144262295792,0.074
-5.2201860465216,0.072
-5.22,0.0719829787224821
-5.21986440677235,0.072
-5.21685714284399,0.074
-5.21559999998296,0.076
-5.20848000001592,0.08
-5.20052173911353,0.078
-5.2,0.0819272727274081
-5.18,0.0802482758592312
-5.17715789476429,0.08
-5.16,0.0789650793649803
-5.15043809523172,0.082
-5.14110144927516,0.084
-5.14,0.0788459770110202
-5.14,0.0809561904780496
-5.14,0.0840617886178504
-5.13688198757094,0.08
-5.12247058824373,0.086
-5.12,0.0866222222229302
-5.1,0.0865030303027595
-5.08412195121922,0.094
-5.08412195121922,0.094
-5.08,0.0870528735638678
-5.08,0.0935903030305052
-5.08,0.0942590038313253
-5.07422222222272,0.094
-5.06751515152168,0.088
-5.06,0.0889185185164284
-5.05517355369886,0.09
-5.04192857143703,0.092
-5.04,0.0921220338990032
-5.02529203540499,0.094
-5.02,0.095733333334758
-5.01561904764069,0.096
-5.00764444445562,0.1
-5.00352688172665,0.102
-5,0.0966626262642787
-5,0.0989807407393666
-5,0.102412578616647
-4.99510447760502,0.102
-4.99256179776405,0.098
-4.98,0.101036190475627
-4.96411678831869,0.1
-4.96186486485556,0.104
-4.96,0.0988941176478147
-4.96,0.103488888890305
-4.96,0.104080701754008
-4.95342857146045,0.104
-4.95104761907442,0.1
-4.94723809521932,0.102
-4.94,0.102894117643317
-4.92,0.10378666666754
-4.91942857142811,0.104
-4.90954347824907,0.106
-4.9,0.106929100528403
-4.88358878503422,0.106
-4.88,0.10562352941356
-4.87418181820718,0.106
-4.86,0.107485714287423
-4.84920000005822,0.108
-4.84,0.108306666668524
-4.82,0.108681904761896
-4.80567999998712,0.108
-4.8,0.107474074074243
-4.78,0.106070833334528
-4.76353777778408,0.108
-4.76,0.108737037038175
-4.754993710685,0.108
-4.75119248826478,0.106
-4.74832921811343,0.104
-4.74,0.102929100528495
-4.72981196581084,0.106
-4.72393650794205,0.104
-4.72309219859751,0.108
-4.72,0.10836333333545
-4.71813675212662,0.108
-4.70874509804303,0.106
-4.7,0.104141666666155
-4.69865346535266,0.104
-4.69229268292656,0.102
-4.68,0.101353846153394
-4.67495999998729,0.102
-4.66403389829825,0.104
-4.66,0.104587654320036
-4.65567272727839,0.104
-4.64,0.102955151514697
-4.63061904761957,0.102
-4.6290256410093,0.1
-4.62,0.0994276422781349
-4.61029834253487,0.098
-4.6,0.097029166667264
-4.58,0.0975823899361212
-4.5770793650559,0.1
-4.5770793650559,0.1
-4.56,0.0975386973181162
-4.56,0.0990561403520156
-4.56,0.10054343434253
-4.5550414746657,0.1
-4.55138144332431,0.094
-4.5451808118103,0.096
-4.5401445783132,0.092
-4.54,0.0919862068965615
-4.53978947368421,0.092
-4.52,0.0931569230772876
-4.50854822335383,0.092
-4.50412422361618,0.09
-4.50116746412037,0.088
-4.5,0.0877676190465847
-4.49853012047453,0.088
-4.48047058816301,0.09
-4.48,0.0900130081280898
-4.47990000001536,0.09
-4.46211627907691,0.088
-4.46173714286936,0.084
-4.46,0.0862666666658865
-4.46,0.0856888888910127
-4.46,0.083801307188016
-4.45856410256184,0.086
-4.44,0.0836186666666667
-4.42920754716981,0.084
-4.42,0.0844582159623091
-4.4,0.0855012345652455
-4.39501639344641,0.084
-4.38450814331628,0.08
-4.38,0.0820301075255803
-4.38,0.0819222222253701
-4.38,0.0790184397167719
-4.37934883723645,0.082
-4.36573195877075,0.08
-4.36433644859103,0.076
-4.36,0.0805009009012519
-4.36,0.0777185185175746
-4.36,0.0757881278544203
-4.35923999999875,0.078
-4.35658895705737,0.08
-4.35440963856973,0.076
-4.34089756097559,0.074
-4.34,0.0767666666674544
-4.34,0.0742666666664292
-4.34,0.0739010752687519
-4.33716923077191,0.074
-4.32291428572672,0.076
-4.32,0.0756909090896228
-4.30837500000158,0.074
-4.3,0.0730074074067444
-4.28817647057351,0.074
-4.28,0.0744412698401243
-4.27648101266174,0.074
-4.26306382979312,0.07
-4.26306382979312,0.07
-4.26,0.0725288135583917
-4.26,0.0698956521738872
-4.26,0.0702666666675769
-4.25711999999672,0.07
-4.24332743362868,0.076
-4.24332743362868,0.076
-4.24,0.0721055555570347
-4.24,0.0755678160918371
-4.24,0.076783333332992
-4.2391739130319,0.072
-4.2380913705598,0.076
-4.22944680855262,0.068
-4.22930000000205,0.07
-4.22,0.067564705881512
-4.2,0.0661546666664657
-4.197025641036,0.066
-4.18,0.0653676190467408
-4.16,0.0659965811976261
-4.1445298013198,0.064
-4.14,0.0634818181830594
-4.12729870129989,0.062
-4.12,0.0604388888871822
-4.11281818182739,0.06
-4.11281818182739,0.06
-4.10843870967711,0.066
-4.10843870967711,0.066
-4.10322388059201,0.062
-4.1,0.0631999999908978
-4.1,0.0641043478278936
-4.1,0.0676769230768181
-4.1,0.0594470588239074
-4.1,0.0614461538457014
-4.0927692307882,0.06
-4.08837333332792,0.066
-4.08,0.0625170731707902
-4.0632660550442,0.064
-4.06,0.0642825396819391
-4.05512328767986,0.064
-4.04,0.0623272727284011
-4.02247619049526,0.064
-4.02,0.0641575757588546
-4.00100000002321,0.066
-4,0.066200000004096
-3.99877966099612,0.07
-3.98906329111664,0.068
-3.98542857143655,0.074
-3.98542857143655,0.074
-3.98,0.0707461279457635
-3.98,0.0736333333327944
-3.98,0.0747961904768949
-3.97552500000264,0.068
-3.97513953487843,0.074
-3.96992727273019,0.07
-3.96,0.0663440000002272
-3.94274999998804,0.068
-3.94090322580335,0.076
-3.94090322580335,0.076
-3.94016438356206,0.072
-3.94,0.0691999999995035
-3.94,0.0717599999984708
-3.94,0.0720230769231294
-3.94,0.0758035087725299
-3.94,0.0762113207540773
-3.93851982379325,0.076
-3.93549999999437,0.072
-3.92610526317596,0.07
-3.92,0.070966666665984
-3.91409523810861,0.072
-3.9,0.0722242424251113
-3.88,0.0732130718956873
-3.86,0.0725896296297348
-3.84,0.0737066666620792
-3.83902222219625,0.074
-3.82,0.0752405797090403
-3.81674534160752,0.076
-3.81621176470928,0.078
-3.81138461542213,0.08
-3.8,0.080548148147575
-3.79744827587108,0.08
-3.79744827587108,0.08
-3.79338181816083,0.084
-3.79138461539268,0.082
-3.78,0.0850666666671416
-3.78,0.0792745519712769
-3.78,0.081322875817426
-3.77233333333155,0.08
-3.76,0.084211111116269
-3.74,0.0854439716322218
-3.72,0.0851816091953211
-3.70851612902225,0.086
-3.70180530973413,0.082
-3.70180530973413,0.082
-3.7,0.086799999999007
-3.7,0.0818111111110353
-3.7,0.0821172413794402
-3.69853237410078,0.082
-3.68922448980929,0.086
-3.68,0.0856185654003897
-3.67006593406539,0.086
-3.66,0.0865452380959695
-3.65104761905226,0.088
-3.64404301076661,0.092
-3.64244444444782,0.094
-3.64,0.0894784313731915
-3.64,0.0914777777759573
-3.64,0.0945866666675717
-3.63575172413453,0.094
-3.62485714285671,0.096
-3.62,0.0889968253967573
-3.62,0.0911387387383358
-3.62,0.0967555555561624
-3.62,0.0956550724641346
-3.62,0.0925901234562919
-3.60987234045287,0.096
-3.60840366972266,0.09
-3.6,0.0937066666572732
-3.58886956528658,0.092
-3.58271698108981,0.09
-3.58,0.0898736842128334
-3.57862162161714,0.092
-3.57846808513281,0.09
-3.57183999995994,0.094
-3.56334999999438,0.096
-3.56,0.0963503267970581
-3.55857004831486,0.094
-3.55007407408778,0.096
-3.54,0.0920875621888649
-3.52632028469855,0.094
-3.52124137922751,0.096
-3.52,0.0960249999982365
-3.51742857158589,0.096
-3.5,0.0955481481472716
-3.48318552037368,0.092
-3.48318552037368,0.092
-3.48,0.0941407407423926
-3.48,0.0917102880649846
-3.48,0.0938051282033185
-3.47928971961619,0.094
-3.47108860757608,0.092
-3.46,0.0925959183675403
-3.44,0.0921984496121816
-3.42,0.0926308943099957
-3.41358677684245,0.092
-3.4,0.09028750000128
-3.39766101693955,0.09
-3.39306422017091,0.088
-3.38217910448134,0.086
-3.38,0.0850730158708115
-3.36,0.0852742857146714
-3.34971428574806,0.088
-3.34971428574806,0.088
-3.34,0.085433333334016
-3.34,0.0877333333333333
-3.34,0.0886476190449441
-3.33908724832292,0.088
-3.32551072962167,0.082
-3.3243636363638,0.084
-3.32,0.0810272727260936
-3.31200000000336,0.084
-3.31200000000336,0.084
-3.3,0.0815529411765966
-3.3,0.0828444444439051
-3.3,0.0845672727277566
-3.29420338983545,0.082
-3.28681690142804,0.084
-3.28,0.0835518518503685
-3.26847619045004,0.084
-3.26,0.0856952380906684
-3.25889655170312,0.086
-3.25734328358278,0.084
-3.24,0.0868698412687391
-3.24,0.0853590643286923
-3.24,0.0828772946850635
-3.23545228216687,0.086
-3.23185650224674,0.082
-3.22473469387707,0.08
-3.22,0.0787111111097241
-3.2115416666687,0.08
-3.2,0.0816057971008505
-3.18,0.0808000000011498
-3.17728571427889,0.08
-3.17264864865639,0.078
-3.16087500002421,0.076
-3.16,0.0759282051260723
-3.15913402059358,0.076
-3.14404545455789,0.078
-3.14,0.0783955555565629
-3.1291428571392,0.08
-3.12093793101878,0.084
-3.12,0.0807647798745094
-3.12,0.0838704761925894
-3.12,0.0841295238074106
-3.119284210539,0.084
-3.10517073169547,0.08
-3.10171830984206,0.076
-3.10164485980419,0.082
-3.10052765957413,0.078
-3.1,0.0820916666660693
-3.1,0.0814133333347533
-3.1,0.0759075757585377
-3.0972888889102,0.076
-3.0916190476426,0.082
-3.08,0.0769099415195971
-3.06776963351108,0.074
-3.06459405943559,0.076
-3.06,0.0730300653585281
-3.05799999998425,0.078
-3.05634645667242,0.076
-3.0507249999872,0.074
-3.04,0.0785473684207702
-3.02328571427345,0.078
-3.02,0.0778342342350281
-3.01639215687536,0.078
-3,0.0792115942005137
-2.98639999999967,0.08
-2.98,0.0803555555569209
-2.97177777778133,0.082
-2.96295582329247,0.086
-2.96295582329247,0.086
-2.96,0.0828076190470685
-2.96,0.0855456790127914
-2.96,0.0863145299142947
-2.95703225806508,0.086
-2.94,0.0826857142857143
-2.93259060402379,0.084
-2.92,0.0853304964524495
-2.91387012986135,0.086
-2.90026470588164,0.088
-2.9,0.0880999999997725
-2.88820689652699,0.09
-2.88,0.0906898550708636
-2.87488172044957,0.09
-2.87488172044957,0.09
-2.86652873562449,0.094
-2.86630303033309,0.092
-2.86,0.0952622222210329
-2.86,0.0894572549017658
-2.86,0.0915377777758603
-2.84883870966578,0.09
-2.84792727273958,0.096
-2.84,0.096274213836933
-2.82475555555786,0.098
-2.82,0.0984755555562837
-2.8139011406806,0.102
-2.81117684887823,0.1
-2.80765853659644,0.104
-2.8,0.104775308642702
-2.78847706421407,0.104
-2.78,0.103037499999573
-2.77477966101524,0.104
-2.76286363635943,0.108
-2.76,0.105981818181818
-2.76,0.106061538461635
-2.76,0.108331578946829
-2.75989519650652,0.106
-2.74816289593747,0.104
-2.74,0.103392592591477
-2.74,0.104567295598424
-2.74,0.108711111110418
-2.73441486067218,0.104
-2.72,0.109963636366051
-2.71988990826434,0.11
-2.71330311614528,0.112
-2.70965055762077,0.114
-2.70668387095859,0.116
-2.70415999999986,0.118
-2.7,0.118622222222339
-2.68667768595222,0.12
-2.68434951456394,0.122
-2.68,0.123029885057822
-2.67458974359041,0.124
-2.66,0.125011555554369
-2.64066086956772,0.126
-2.64,0.126115151515987
-2.62570114943468,0.128
-2.62196396396914,0.13
-2.62,0.130309219858893
-2.60169369370383,0.136
-2.6,0.13131005291068
-2.6,0.134746666663608
-2.6,0.136174074075212
-2.59864242424226,0.134
-2.5951161048755,0.132
-2.58066666667095,0.138
-2.58,0.138071957672368
-2.56177777777765,0.142
-2.5610208333393,0.14
-2.56080503144665,0.144
-2.56,0.144147126436886
-2.55051851852571,0.144
-2.54,0.143757264957042
-2.53917441860334,0.144
-2.5386086956421,0.148
-2.53387781350222,0.146
-2.52994059406025,0.15
-2.52186249999593,0.152
-2.52,0.152640860214826
-2.5,0.152468292681829
-2.48760526314852,0.154
-2.48,0.154939837397178
-2.46760000002219,0.16
-2.46306493507682,0.156
-2.46,0.156983333338453
-2.46,0.158451851848548
-2.46,0.160679674798727
-2.4502399999612,0.158
-2.44,0.160018390806442
-2.42,0.161911111109973
-2.40381176473814,0.16
-2.4,0.159845714284283
-2.39808284021987,0.16
-2.38,0.161756321838123
-2.37688235292616,0.162
-2.36602597403848,0.158
-2.36602597403848,0.158
-2.36,0.163093333332803
-2.36,0.15779649122807
-2.36,0.158257777777778
-2.35622764227454,0.158
-2.34528205129781,0.162
-2.34186666663484,0.164
-2.34,0.161607619046678
-2.34,0.163615686281275
-2.34,0.164130666664316
-2.33457894735342,0.162
-2.32,0.164798222222842
-2.30607751939309,0.164
-2.3,0.163231372546733
-2.29145578231493,0.162
-2.28,0.160596666667008
-2.27137349398161,0.16
-2.26,0.159457471263809
-2.24877876106564,0.158
-2.24,0.157129824560469
-2.22536363636688,0.156
-2.22,0.155466666666852
-2.20933333333717,0.152
-2.20904641350734,0.154
-2.2,0.151290666665539
-2.18733333332358,0.152
-2.18,0.152684444444469
-2.17706666667034,0.152
-2.17511111111269,0.15
-2.16729501916115,0.148
-2.16584848484412,0.146
-2.16043733333787,0.14
-2.16043733333787,0.14
-2.16,0.14490496453897
-2.16,0.139918407959368
-2.16,0.140188505748704
-2.15850909089212,0.14
-2.14597802198367,0.144
-2.14,0.143274666666072
-2.13747757256329,0.142
-2.13343225807207,0.14
-2.13083673470886,0.138
-2.12375700936613,0.134
-2.12165306122309,0.136
-2.12,0.13353793103222
-2.11537931032437,0.134
-2.1,0.134841509433508
-2.09439215686183,0.132
-2.09166355139836,0.134
-2.08144262294683,0.13
-2.08,0.128239999998252
-2.07976470588504,0.128
-2.07688888890241,0.126
-2.06682352942283,0.124
-2.06,0.123129999998566
-2.05377981651978,0.122
-2.04,0.120923297490656
-2.03184810127101,0.12
-2.0308115015927,0.118
-2.02550819672803,0.116
-2.0204565217541,0.114
-2.02009599999677,0.112
-2.02,0.111979487180155
-2.00961434978197,0.11
-2,0.108167521368484
-1.9975802468978,0.108
-1.99264313726522,0.106
-1.98969934641991,0.102
-1.9817719298234,0.1
-1.98,0.104735686273884
-1.98,0.102883333334552
-1.98,0.0993878787896391
-1.96820125786388,0.104
-1.96303703707401,0.098
-1.96,0.0972190476076791
-1.9457777778688,0.096
-1.94,0.0956848484804704
-1.93761373390671,0.094
-1.92885347043315,0.092
-1.92313761468078,0.09
-1.92010572686872,0.088
-1.92,0.08797575757657
-1.9,0.087227350427056
-1.89719999999759,0.084
-1.89463448276568,0.082
-1.89322641509633,0.086
-1.88884472049186,0.08
-1.88506229507762,0.078
-1.88,0.0772647619051119
-1.86,0.0770333333265067
-1.85027450984552,0.076
-1.84893896714598,0.074
-1.84,0.0727794871781218
-1.82695890411037,0.074
-1.82,0.0756933333355179
-1.80883516484639,0.074
-1.80564055299577,0.072
-1.8,0.0705931034482239
-1.78926315790501,0.072
-1.78,0.073530434783383
-1.7766249999991,0.074
-1.77513725489436,0.076
-1.768190476191,0.078
-1.76,0.0784300000006144
-1.75198297872584,0.08
-1.74751186441049,0.084
-1.7434011976041,0.086
-1.74,0.0818051282053383
-1.74,0.0822412698407745
-1.74,0.087456410254536
-1.73794594594907,0.082
-1.73719205297067,0.088
-1.72,0.0896967320273364
-1.71924423963244,0.092
-1.71837762238242,0.09
-1.71275000000259,0.096
-1.7084608294904,0.094
-1.70299999999449,0.1
-1.7,0.0976564102560548
-1.7,0.0996750000008533
-1.7,0.100089655172115
-1.69857193605647,0.098
-1.69488043477767,0.104
-1.69200961538166,0.102
-1.68852682926747,0.106
-1.68558551308042,0.108
-1.68164878049047,0.11
-1.68,0.110469444445298
-1.67586570743599,0.114
-1.67567843137461,0.112
-1.67169304556051,0.118
-1.66948148148348,0.116
-1.66787799563943,0.12
-1.66507888040949,0.122
-1.66346666666785,0.126
-1.66198268397843,0.124
-1.66,0.12696796536737
-1.65322727272238,0.128
-1.64867153284694,0.13
-1.64664077669851,0.132
-1.64248335745604,0.14
-1.64097109826939,0.134
-1.64,0.134622222223234
-1.64,0.138365714284252
-1.64,0.140657471265186
-1.63923960396298,0.138
-1.63883749999854,0.136
-1.63233260394153,0.142
-1.63162264151128,0.144
-1.62880963855762,0.146
-1.62234285714341,0.148
-1.62,0.149987878784178
-1.61999007443864,0.15
-1.61708083140809,0.154
-1.61391204588934,0.152
-1.61125987526057,0.156
-1.60979159049398,0.158
-1.60614392059624,0.16
-1.60227986347999,0.162
-1.6,0.163171929825106
-1.59320863310311,0.164
-1.59319999999758,0.166
-1.59265454545598,0.168
-1.58,0.168407017543718
-1.57203508771821,0.17
-1.5698128078797,0.178
-1.56855865921726,0.172
-1.56618579234826,0.176
-1.56529523809511,0.174
-1.56411059907569,0.18
-1.56311489361392,0.19
-1.56278632478396,0.182
-1.56159276017624,0.188
-1.56138053097203,0.186
-1.56,0.183917647059126
-1.56,0.184164705881748
-1.56,0.191493877550252
-1.55991836734733,0.184
-1.55918421052542,0.192
-1.55908433734673,0.194
-1.55893877551299,0.196
-1.55801142857151,0.198
-1.55419672130783,0.202
-1.55410218977815,0.2
-1.54,0.20394606741454
-1.53973674588072,0.204
-1.52986632390557,0.206
-1.52917136659148,0.208
-1.5274491449151,0.21
-1.52485245901583,0.212
-1.52377798682961,0.214
-1.52221187801078,0.216
-1.52009855565128,0.218
-1.52,0.218214814817208
-1.51863841807779,0.22
-1.51820029895244,0.222
-1.51641403508957,0.224
-1.51159466666554,0.226
-1.51042746400704,0.228
-1.50637083333123,0.23
-1.50453578731794,0.232
-1.50224976525697,0.234
-1.50099273104761,0.236
-1.5,0.236838596489246
-1.49791823898837,0.238
-1.49550971598986,0.24
-1.49338292010865,0.242
-1.49193197278685,0.244
-1.48821658206377,0.246
-1.48720155038391,0.248
-1.48,0.249997849463201
-1.47994805196821,0.25
-1.4690337078687,0.252
-1.46,0.253949090908365
-1.45990117646915,0.254
-1.45721449559354,0.256
-1.45652659110717,0.258
-1.45407792207774,0.26
-1.45274315322024,0.266
-1.45198788796242,0.264
-1.4517909516385,0.262
-1.45098292220149,0.268
-1.44934923339035,0.274
-1.4492056962028,0.27
-1.4491824104239,0.272
-1.44751312649226,0.276
-1.44515545755134,0.278
-1.44406295399743,0.28
-1.44044059405894,0.282
-1.44,0.282167136149994
-1.43307801418049,0.284
-1.43284981684735,0.286
-1.42981871344841,0.288
-1.42797085610081,0.29
-1.42673580246679,0.292
-1.42101437908392,0.296
-1.42076650562914,0.294
-1.42,0.297124637678971
-1.41875720164198,0.298
-1.41833583959737,0.3
-1.41445862884101,0.302
-1.41343369175377,0.304
-1.40965151515318,0.306
-1.40799259259153,0.308
-1.40185271317533,0.31
-1.4,0.310663888889169
-1.39703543914242,0.312
-1.39099835255449,0.316
-1.38969331585885,0.314
-1.38440121580862,0.318
-1.3821702970291,0.32
-1.38,0.321074509804734
-1.37893693693905,0.322
-1.37515919085456,0.324
-1.37217994100441,0.328
-1.37182559774954,0.33
-1.37164896755317,0.326
-1.37099453551996,0.332
-1.36924765729658,0.334
-1.36811219830415,0.336
-1.36799445599309,0.338
-1.36619783873765,0.34
-1.36444126984236,0.342
-1.36344126984014,0.344
-1.36,0.345979908675382
-1.35994451450076,0.346
-1.35563704396648,0.348
-1.35205750798717,0.35
-1.35041943734006,0.352
-1.34884456824508,0.354
-1.34739840637436,0.356
-1.34597616683226,0.358
-1.34479313631924,0.36
-1.34326969415879,0.362
-1.34,0.363610958904187
-1.33600936768361,0.364
-1.33098317757197,0.366
-1.32507990314793,0.368
-1.32368138196059,0.372
-1.32366876687551,0.378
-1.32328148959557,0.374
-1.32312546583948,0.37
-1.32126683292045,0.376
-1.32,0.379787719297707
-1.31921044045495,0.38
-1.31679903147535,0.382
-1.31517041800809,0.384
-1.31425840708078,0.386
-1.3046101694942,0.388
-1.30253117782781,0.39
-1.30191807229005,0.394
-1.3009732142815,0.392
-1.3,0.394344588744491
-1.29649174311695,0.396
-1.29437767441762,0.398
-1.29295999999862,0.4
-1.29156792143905,0.402
-1.29019407894804,0.404
-1.28707348242915,0.408
-1.28686698564681,0.406
-1.28187737843544,0.41
-1.28,0.411793939395053
-1.27977483443842,0.412
-1.27354945055162,0.414
-1.27086230248293,0.416
-1.26847232472383,0.418
-1.26534948096784,0.42
-1.26344876325033,0.422
-1.26013846153899,0.424
-1.26,0.424124137931418
-1.25717402597254,0.426
-1.25480975609606,0.428
-1.2527559808604,0.43
-1.2503735408552,0.432
-1.24971812080422,0.434
-1.24754704944056,0.436
-1.24680452342407,0.438
-1.24672403560735,0.44
-1.24592272024634,0.442
-1.24508597284909,0.444
-1.24337833594844,0.446
-1.24071293375285,0.448
-1.24,0.448821818180767
-1.23679736408259,0.45
-1.23091135303335,0.452
-1.22626804123541,0.454
-1.22,0.455447619048224
-1.21804337349674,0.456
-1.21493605189834,0.458
-1.21293766461904,0.46
-1.21083683360289,0.462
-1.21036217662885,0.464
-1.20944097486666,0.466
-1.20865312500023,0.468
-1.20659219586851,0.47
-1.20611386861355,0.472
-1.20424532535609,0.476
-1.20401235521362,0.474
-1.20017197452292,0.478
-1.2,0.478189473685133
-1.19751025332065,0.48
-1.19119285714359,0.482
-1.18876895306822,0.484
-1.18795484478016,0.486
-1.18674705882413,0.488
-1.18594336810737,0.49
-1.18340961408108,0.492
-1.18076139410078,0.494
-1.18,0.494664327484661
-1.17309969788439,0.496
-1.16,0.49731393939345
-1.15684679665432,0.498
-1.15269252601748,0.5
-1.15007160699332,0.502
-1.14890782122768,0.506
-1.14879333837926,0.504
-1.14844863964409,0.51
-1.14794197098476,0.518
-1.14789307875848,0.522
-1.147674280039,0.52
-1.14762947368394,0.516
-1.14708510638368,0.508
-1.14693427704695,0.514
-1.14687082294216,0.524
-1.14666014669993,0.512
-1.14658173618832,0.526
-1.14524779281804,0.53
-1.14428385228081,0.528
-1.14424835820915,0.532
-1.14318030910011,0.534
-1.14287899423829,0.536
-1.14179243453105,0.538
-1.14,0.53962105263055
-1.1290632911006,0.54
-1.12,0.540100703234486
-1.11179088145818,0.542
-1.10971323529356,0.544
-1.10952674523971,0.546
-1.10934037445961,0.548
-1.10869424460331,0.55
-1.10840273037493,0.552
-1.10778425402279,0.554
-1.10650730868363,0.556
-1.10604425887228,0.558
-1.10446857567985,0.56
-1.10267444403916,0.562
-1.10143069833339,0.564
-1.10021403752493,0.566
-1.1,0.566273777776546
-1.09297649186357,0.568
-1.08162631578902,0.57
-1.08,0.570508641975269
-1.07672036199163,0.572
-1.07069017632199,0.574
-1.06856938775459,0.576
-1.06600931966466,0.578
-1.06520887528753,0.58
-1.06441057066423,0.582
-1.06341765114672,0.584
-1.06252602739747,0.586
-1.06119017165988,0.588
-1.06085114627079,0.59
-1.06,0.591171555555418
-1.05802123142172,0.592
-1.05377407407426,0.594
-1.04762429378488,0.596
-1.04582312925114,0.598
-1.04091637220329,0.6
-1.04,0.601673118279786
-1.0396793248945,0.602
-1.03206337599011,0.604
-1.02806676204071,0.606
-1.02663384134486,0.608
-1.02606254767331,0.61
-1.02482153392109,0.612
-1.02370465033826,0.614
-1.02308886470739,0.616
-1.022772946859,0.618
-1.02093611111104,0.62
-1.02,0.620583549783528
-1.01399081726435,0.622
-1.00748831488214,0.624
-1.0051571125259,0.626
-1.00242309711413,0.628
-1,0.629853815260718
-0.999649663136797,0.63
-0.995365260901661,0.632
-0.990386898669071,0.634
-0.989438701410078,0.636
-0.988146962529123,0.638
-0.986669886169123,0.64
-0.98599932953293,0.642
-0.985496173467325,0.644
-0.98520428826787,0.646
-0.984322101656739,0.648
-0.983875977653748,0.65
-0.983296034763846,0.652
-0.98283389479135,0.654
-0.981533464015984,0.656
-0.98,0.656638228438223
-0.971012307692231,0.658
-0.965321266970246,0.66
-0.964282008648349,0.662
-0.963599633811834,0.666
-0.9629961734702,0.664
-0.962859217876732,0.668
-0.961359659781166,0.67
-0.961323119015905,0.672
-0.960317045454717,0.674
-0.959999999999999,0.674240000000183
-0.959596091205102,0.674
-0.958034146341346,0.672
-0.951978494622333,0.67
-0.94,0.669271895425068
-0.934818604651754,0.67
-0.926445462875625,0.672
-0.924705084745259,0.674
-0.923823008848812,0.676
-0.922408668730693,0.678
-0.92,0.679748314606186
-0.918824146978908,0.68
-0.907227132580166,0.682
-0.906548802945242,0.684
-0.90625817556028,0.686
-0.905843537416901,0.69
-0.905369863014492,0.688
-0.905296235678234,0.692
-0.904277526394436,0.696
-0.904181960785527,0.694
-0.90362419928867,0.698
-0.903423615743254,0.7
-0.902315934066317,0.702
-0.9,0.702400475059464
-0.88554418604752,0.704
-0.88210498514384,0.706
-0.879999999999999,0.706255142056787
-0.867129870128581,0.708
-0.866182522123811,0.71
-0.865711082801624,0.712
-0.865201630305991,0.714
-0.864441071428855,0.718
-0.864359375000959,0.716
-0.863356624318703,0.72
-0.863178602243931,0.722
-0.862653122974244,0.724
-0.859999999999999,0.7244011764705
-0.84,0.724328374655593
-0.82609452878682,0.726
-0.826031529165467,0.728
-0.825364097362352,0.73
-0.824893935732597,0.732
-0.824511907624789,0.734
-0.823712954333958,0.736
-0.823430909091211,0.738
-0.821839058371948,0.74
-0.82,0.740256224899728
-0.804474374255744,0.742
-0.80407978436577,0.744
-0.803796240805013,0.746
-0.803114470841965,0.748
-0.799999999999999,0.748336424613488
-0.784553479555065,0.75
-0.78397504746429,0.752
-0.782895208004094,0.754
-0.779999999999999,0.754316522740295
-0.76530552763823,0.756
-0.764719766877869,0.758
-0.764520666819898,0.76
-0.764073586191799,0.762
-0.763699119043263,0.764
-0.76,0.764427460193094
-0.743926360724757,0.766
-0.74,0.766383229166602
-0.724894403892529,0.768
-0.724512323232844,0.772
-0.724043315614004,0.774
-0.723970816233425,0.77
-0.723209534793515,0.776
-0.722866743031386,0.778
-0.720000000000001,0.778379479403546
-0.704752067963653,0.782
-0.704600384244936,0.78
-0.704585654009025,0.786
-0.704545374060546,0.784
-0.703777054868533,0.788
-0.703302285468302,0.79
-0.699999999999999,0.790378733926867
-0.683388902964722,0.792
-0.682081233932784,0.794
-0.68,0.794222112482775
-0.66,0.794376909323111
-0.645167133520273,0.796
-0.644629348075613,0.798
-0.644576506285064,0.8
-0.644174398625859,0.802
-0.643540432682094,0.804
-0.643295047856792,0.806
-0.640000000000001,0.806489218412277
-0.625344920588883,0.808
-0.619999999999999,0.808414308943207
-0.604666666667821,0.81
-0.604081917212287,0.812
-0.6,0.812423125564629
-0.58373159366325,0.814
-0.58,0.814359748427612
-0.563911874861599,0.816
-0.563162414965248,0.818
-0.562807285048024,0.82
-0.56,0.820302027796793
-0.556896277219311,0.82
-0.539999999999999,0.81837248534045
-0.523209865052554,0.82
-0.52,0.82030698709396
-0.503770477816426,0.822
-0.503008126692613,0.824
-0.5,0.824330267673343
-0.48,0.824377450352407
-0.459999999999999,0.824386835668268
-0.44,0.824480017981479
-0.42,0.824318769787445
-0.41673779217713,0.824
-0.4,0.822391727818594
-0.396218119364834,0.822
-0.396026256224635,0.82
-0.395365931316261,0.818
-0.379999999999999,0.816431662024189
-0.376120984563455,0.816
-0.359999999999999,0.814286005766267
-0.356843084456139,0.814
-0.34,0.812389419475598
-0.336521848212653,0.812
-0.335694093264257,0.81
-0.335560305343819,0.808
-0.32,0.806341608554134
-0.316638609332163,0.806
-0.299999999999999,0.80439417218542
-0.296679897819116,0.802
-0.29661882219305,0.804
-0.296086266531651,0.8
-0.295734384727176,0.798
-0.295424208398618,0.794
-0.294883111567586,0.796
-0.279999999999999,0.792281181181221
-0.277356857209508,0.792
-0.276305744007816,0.79
-0.275457169460399,0.788
-0.26,0.786345690084698
-0.256849227973929,0.786
-0.256407974038263,0.784
-0.255998994469248,0.782
-0.24,0.780342604166666
-0.237156074362577,0.78
-0.23603561346447,0.778
-0.235732971261406,0.776
-0.235550119904412,0.774
-0.220000000000001,0.772388168033731
-0.216530548767357,0.772
-0.216337904015388,0.77
-0.215872216845501,0.768
-0.215118706696387,0.766
-0.215078282208554,0.762
-0.21472921504836,0.764
-0.199999999999999,0.760235888601751
-0.197782456140077,0.76
-0.196424743301819,0.758
-0.195785902032133,0.756
-0.195686387686145,0.754
-0.195632673768044,0.752
-0.194745473910171,0.75
-0.18,0.748345758661758
-0.177069367089084,0.748
-0.176189094547249,0.746
-0.175660005059038,0.744
-0.175288271441842,0.74
-0.174804505630417,0.742
-0.173833134684171,0.738
-0.16,0.73639307718937
-0.156947311827439,0.736
-0.156266881894899,0.734
-0.155224178404474,0.732
-0.140000000000001,0.730314359974014
-0.119999999999999,0.730278037225071
-0.118022623345805,0.73
-0.11727109853803,0.728
-0.116758535986479,0.726
-0.116747863247879,0.724
-0.115782407407218,0.722
-0.114702523241212,0.72
-0.1,0.718179860254807
-0.098765585331023,0.718
-0.097136303015164,0.716
-0.0969639614844962,0.714
-0.0960975903604204,0.71
-0.0959798938837668,0.712
-0.0956520666273644,0.708
-0.0948964518488449,0.706
-0.0800000000000001,0.704270533837646
-0.0782600702896783,0.704
-0.0769550135496058,0.702
-0.0758343685292573,0.7
-0.0754274640088362,0.698
-0.0750783664462169,0.696
-0.0746076260770216,0.694
-0.0639547432557919,0.692
-0.0600000000000005,0.69133857350778
-0.0569346666679653,0.69
-0.05443354297981,0.688
-0.0399999999999991,0.686344203944051
-0.0376042852365153,0.686
-0.0364195470801576,0.684
-0.0348684800000001,0.682
-0.0309348044136346,0.68
-0.0199999999999996,0.67858046875008
-0.0173590047390224,0.678
-0.0164595010778754,0.676
-0.01455260804914,0.674
-0.0131919889532313,0.672
0,0.670046830265815
2.84648850247038E-4,0.67
0.0025173829736822,0.668
0.00352992620844361,0.666
0.00432366071491153,0.664
0.005156415860613,0.662
0.00702040816469385,0.66
0.0134797202803014,0.658
0.0199999999999996,0.65689000000001
0.0222918454927239,0.656
0.0237115679646518,0.654
0.024435206236129,0.652
0.0255356904580655,0.65
0.0260290719354934,0.648
0.0268935219626254,0.646
0.0284513001317332,0.644
0.0338090849231794,0.642
0.0400000000000009,0.640040833332838
0.0401068119878669,0.64
0.0445061425047477,0.638
0.0541879518066377,0.636
0.0600000000000005,0.634307368420986
0.0604630021140142,0.634
0.0625470692702361,0.63
0.0634930795856974,0.632
0.0645430680889554,0.628
0.0657299857857954,0.626
0.0745199999992323,0.624
0.0800000000000001,0.623361863173197
0.0836892744478135,0.622
0.0866245239892791,0.62
0.0923651925817612,0.618
0.1,0.617040860214936
0.103745888423859,0.616
0.105396329027288,0.614
0.10717263843614,0.612
0.111990353698316,0.6
0.113096725058972,0.598
0.114052631577694,0.61
0.115187325257418,0.602
0.119995198077756,0.604
0.120000000000001,0.608841025641163
0.120000000000001,0.604001932367742
0.120000000000001,0.596263601532629
0.120530046225024,0.596
0.121341985723896,0.606
0.121776361899405,0.608
0.124057880328294,0.594
0.126570595585163,0.592
0.127096193200845,0.588
0.127274778401169,0.586
0.127665523154382,0.59
0.129004536085827,0.584
0.136248901903285,0.582
0.140000000000001,0.581285355648585
0.14900000000058,0.58
0.150601941749347,0.578
0.159354062185324,0.576
0.16,0.575879400748846
0.164713950210428,0.574
0.168450175849934,0.572
0.175537835638437,0.57
0.18,0.5688206451612
0.181161997564079,0.568
0.182708875739351,0.566
0.183710662824515,0.564
0.18398307134111,0.562
0.184152277363662,0.56
0.184512299881971,0.558
0.185426139207561,0.556
0.191008906882521,0.554
0.200000000000001,0.55230989345507
0.200748254318096,0.552
0.20373996683108,0.55
0.20426100932081,0.548
0.20545663342376,0.546
0.205619385343052,0.544
0.205728618918632,0.542
0.206354389376424,0.54
0.207473128298528,0.538
0.208184365784492,0.536
0.208818588022908,0.534
0.21068186753431,0.532
0.212198462612699,0.53
0.216416666666875,0.526
0.217846766170114,0.528
0.220000000000001,0.524672280702041
0.221184910327576,0.524
0.223930264992484,0.522
0.22905952380764,0.52
0.233098039214157,0.518
0.239676251333627,0.516
0.24,0.515895532646814
0.242584817243923,0.514
0.244528007796362,0.512
0.245405560880045,0.51
0.24643642921418,0.508
0.247773897055124,0.506
0.248671739130277,0.504
0.252075307747573,0.502
0.255048951049394,0.5
0.26,0.498477419354817
0.261169960473781,0.498
0.263761431412346,0.496
0.268370731706089,0.494
0.269842818428655,0.492
0.273246105917659,0.49
0.279803278688412,0.488
0.279999999999999,0.487923809523791
0.281273555166477,0.486
0.281328307059857,0.484
0.281415827338103,0.482
0.282272243346213,0.48
0.283294025773136,0.478
0.284001783326421,0.474
0.284514453289567,0.472
0.284586017282168,0.476
0.285100292113238,0.47
0.285664166186988,0.468
0.287102749639315,0.466
0.290821894003622,0.464
0.295578181818167,0.462
0.297543700339288,0.46
0.300000000000001,0.458711904761173
0.300891871736837,0.458
0.304389481165602,0.456
0.30744020356205,0.454
0.308718318318412,0.452
0.311404530743769,0.45
0.317773879142166,0.448
0.319174975562074,0.446
0.32,0.445729487179487
0.329974121997511,0.444
0.336631932773571,0.442
0.34,0.44125777777747
0.340893750001408,0.438
0.341509981852756,0.434
0.341682020800787,0.44
0.341987878788474,0.436
0.343852670354073,0.432
0.344701754382907,0.43
0.344717703349563,0.428
0.347637168143097,0.426
0.349781094527941,0.424
0.351722991688648,0.422
0.355790940768825,0.42
0.359348837206285,0.418
0.359999999999999,0.417745454544371
0.363618848167308,0.416
0.366950769230483,0.408
0.367054495913052,0.406
0.367650413981877,0.414
0.36765873667103,0.41
0.367822784809421,0.404
0.368245228456049,0.4
0.368504976427079,0.402
0.368947499999919,0.398
0.369292418771376,0.412
0.369978710081787,0.396
0.37289429657641,0.392
0.373290225562988,0.394
0.379019531248918,0.39
0.380000000000001,0.389141880341281
0.381573667713505,0.39
0.392475300400609,0.392
0.4,0.393897643097719
0.403470443347882,0.392
0.407146504554939,0.39
0.408291407222894,0.388
0.410820276498701,0.386
0.411929736511034,0.38
0.412026186578228,0.384
0.412449029126687,0.382
0.413810932476888,0.378
0.417183673470431,0.376
0.42,0.374390000000683
0.421249666223769,0.374
0.427976261125314,0.372
0.435687987521355,0.37
0.438799387442375,0.368
0.44,0.367533333333236
0.442871794871627,0.366
0.44778850574925,0.364
0.449907070707315,0.346
0.450031980318141,0.362
0.450461368653032,0.348
0.450657159832781,0.344
0.45078561548962,0.35
0.451817178881885,0.352
0.452998732572738,0.356
0.453061048082926,0.342
0.453207173777775,0.34
0.453448441245882,0.36
0.454140274764558,0.338
0.454583058303013,0.354
0.455760141094217,0.358
0.456570948782101,0.336
0.459929824562655,0.334
0.460000000000001,0.333947967480581
0.470792792789238,0.332
0.48,0.331402339181094
0.484516007533717,0.33
0.48685115303925,0.326
0.488529777778757,0.328
0.491355488420052,0.322
0.491945991562122,0.324
0.494082437275566,0.32
0.497081677706211,0.318
0.497309452735003,0.316
0.498014014012938,0.314
0.499211328978461,0.312
0.5,0.311622916667421
0.505574239710091,0.31
0.51818064515526,0.308
0.52,0.306657142856195
0.520190082644868,0.306
0.520365180467218,0.304
0.520830188678227,0.298
0.520903765689832,0.302
0.522041152261149,0.296
0.522223999999149,0.3
0.52239810426728,0.294
0.522482315115234,0.29
0.524246153846773,0.292
0.52644776119357,0.288
0.528239520957602,0.284
0.528378698224383,0.286
0.528645161289331,0.282
0.532160583942064,0.28
0.533565836296173,0.278
0.535837638375861,0.276
0.536075829385194,0.274
0.540000000000001,0.273037209302343
0.544505050503915,0.272
0.547129151289463,0.27
0.549547892719486,0.268
0.551152542372881,0.266
0.553929411766799,0.264
0.558092715226621,0.262
0.558857142861386,0.26
0.56,0.259635087720604
0.564255707763632,0.258
0.568527472523931,0.256
0.572451410657994,0.254
0.573440000000021,0.252
0.57531950207299,0.248
0.575893805311175,0.25
0.576843636366146,0.246
0.57981027668146,0.244
0.58,0.243200000001365
0.585684210494591,0.242
0.6,0.241657861634367
0.602871459692786,0.24
0.60331782945768,0.238
0.606520325202087,0.236
0.606815300544309,0.23
0.606986828773335,0.232
0.607455519830742,0.228
0.608010376134041,0.234
0.611046327681555,0.224
0.611787187839941,0.226
0.613831050228406,0.222
0.617627210882596,0.22
0.619237373737478,0.218
0.620000000000001,0.217597333333058
0.622000000000298,0.214
0.623010050248954,0.216
0.62778507462582,0.21
0.627983002833625,0.212
0.629811001412262,0.208
0.632761599999506,0.206
0.637097072417781,0.204
0.637727403159522,0.202
0.640000000000001,0.201223529412034
0.645232704398083,0.2
0.645884615386313,0.198
0.652251748253621,0.196
0.656070588233016,0.194
0.656610837438192,0.19
0.657390243900739,0.192
0.66,0.188676923076976
0.663105882354266,0.188
0.668160000001633,0.186
0.675167512684167,0.184
0.68,0.182886549707365
0.681746543779855,0.182
0.681821464393188,0.18
0.682986731002705,0.178
0.683923930270623,0.174
0.684139896373683,0.176
0.687779769527863,0.172
0.689524752472979,0.17
0.691108781127012,0.168
0.691955357147348,0.166
0.694907378336046,0.164
0.699016274862295,0.162
0.700000000000001,0.161045614034104
0.70110370370389,0.16
0.701511111118368,0.156
0.703326599328209,0.158
0.704419047616488,0.154
0.712281124495531,0.15
0.715054852322679,0.148
0.716387596902285,0.146
0.716874074073978,0.152
0.718412403099617,0.144
0.720000000000001,0.143167479675378
0.723729870136562,0.142
0.72388108108737,0.14
0.733206779668588,0.136
0.735184210530887,0.138
0.73839308855559,0.134
0.74,0.133291428573091
0.742690476194989,0.132
0.744366412214903,0.13
0.748371428575515,0.128
0.751055555556075,0.126
0.757146853144755,0.122
0.758929936304426,0.124
0.759815789474883,0.12
0.76,0.119964102564329
0.772626373619492,0.118
0.773394594589918,0.116
0.77571162790529,0.114
0.779549450548386,0.112
0.779999999999999,0.111888435373824
0.788437689968092,0.11
0.789581081086411,0.108
0.797325077398773,0.106
0.800000000000001,0.104484210527662
0.8011694915301,0.104
0.806358565733889,0.1
0.806994652410864,0.102
0.808551319650499,0.096
0.810802784224718,0.098
0.816452488690468,0.094
0.818761421316236,0.092
0.82,0.0916746666654171
0.828429530190233,0.09
0.84,0.0885983739820407
0.844972972954441,0.088
0.854504155126351,0.082
0.856528813549946,0.08
0.857139240503217,0.086
0.859999999999999,0.084227450976008
0.859999999999999,0.0838895238115924
0.859999999999999,0.0793307189521613
0.860648044679539,0.084
0.873394736844523,0.078
0.880000000000001,0.0770954954965447
0.889886178868748,0.076
0.9,0.0744051282041911
0.919746031766325,0.076
0.92,0.0760190476174872
0.94,0.0762613333312537
0.947125683059447,0.078
0.952468864465626,0.08
0.960000000000001,0.0811234972679709
0.97636734691711,0.082
0.976413793091856,0.084
0.98,0.0849244444468232
0.99209999998976,0.086
1,0.0862507936508742
1.00230656934502,0.086
1.02,0.08438399999813
1.02121428572588,0.092
1.02491139241073,0.088
1.02808000000053,0.086
1.02963934425898,0.09
1.04,0.0931191489355373
1.05248241206315,0.094
1.0525793103508,0.096
1.06,0.097707936508952
1.06270588234415,0.098
1.07389976133703,0.102
1.07412080536557,0.1
1.08,0.10385217391499
1.08192452828004,0.104
1.09584000000957,0.106
1.1,0.106252121211034
1.10694939759144,0.108
1.10767228915868,0.11
1.11276646706185,0.116
1.11718727915152,0.112
1.11725373133885,0.114
1.11923437498929,0.118
1.12,0.11872592593159
1.12227906979753,0.118
1.13473170732707,0.116
1.14,0.114079999995777
1.14680314959669,0.116
1.14901775147359,0.118
1.15409865471608,0.12
1.15713461539446,0.124
1.15713461539446,0.124
1.16,0.121907246378938
1.16,0.122193939390058
1.16,0.125419047618323
1.16946031744934,0.124
1.17189743589544,0.118
1.17189743589544,0.118
1.18,0.120860606061486
1.18,0.117361616161185
1.18,0.119053333332541
1.18196578538376,0.118
1.18289956331753,0.124
1.18499667774529,0.122
1.18792307691745,0.126
1.19268965517948,0.128
1.19744134078239,0.13
1.19748101266534,0.132
1.2,0.132698245612273
1.21766666667154,0.134
1.22,0.134311111110764
1.23266666666927,0.136
1.2374141414435,0.138
1.24,0.139422222213727
1.2428888888985,0.14
1.25436286920819,0.144
1.26,0.140622222223546
1.26,0.14301037037174
1.26,0.144824691357133
1.26891503267942,0.142
1.27590476189102,0.144
1.28,0.143662745097642
1.2820235294161,0.144
1.29177464788495,0.146
1.3,0.147066666666966
1.32,0.146866666667425
1.32543999999685,0.148
1.34,0.149950000000244
1.34025688073268,0.15
1.34280341880559,0.152
1.34701234568179,0.154
1.35216806723268,0.156
1.35611428572133,0.158
1.36,0.158824242423099
1.37854545450822,0.158
1.38,0.157970776254951
1.4,0.157791515152089
1.40982857142242,0.158
1.41763199999461,0.16
1.42,0.160986666665356
1.42125619835367,0.162
1.43857894737304,0.164
1.44,0.164141176469996
1.44407547168423,0.164
1.45922033898625,0.162
1.46,0.161707936508952
1.47318749998952,0.164
1.47318749998952,0.164
1.48,0.161279012343192
1.48,0.163145098039896
1.48,0.164238251366552
1.48192920354561,0.164
1.48647499999895,0.16
1.5,0.158907070707427
1.50901666666121,0.16
1.51660162600517,0.164
1.51660162600517,0.164
1.52,0.16179319727994
1.52,0.162533333329884
1.52,0.164753153154486
1.52256441718574,0.164
1.54,0.160214965986763
1.56,0.160673593074304
1.57215624999404,0.16
1.57778217819033,0.156
1.58,0.158406349201544
1.58,0.156933333346987
1.58,0.155873446325876
1.58195419844918,0.158
1.59985628742019,0.154
1.6,0.153933333331058
1.62,0.152884848484156
1.6399090909553,0.152
1.64,0.151866666732203
1.66,0.151552380952269
1.66708695651853,0.15
1.66857692307486,0.148
1.6710566037763,0.146
1.67810909090886,0.144
1.68,0.143167999999318
1.7,0.143612820513608
1.70764741641378,0.142
1.71412927757011,0.14
1.71424390243191,0.138
1.71515241635808,0.136
1.72,0.13523742690079
1.73113684210551,0.134
1.74,0.132128888886789
1.76,0.133288888887473
1.76414285714571,0.132
1.7779047619325,0.126
1.78,0.130612500001349
1.78,0.126439999994976
1.78,0.125840000002304
1.78367058823297,0.128
1.78455813954425,0.13
1.79076595744357,0.124
1.79783908046185,0.122
1.8,0.121412500000427
1.80772602740249,0.122
1.82,0.122711111110504
1.82511999999244,0.122
1.82739325842977,0.118
1.83334545454918,0.12
1.83602816902507,0.114
1.84,0.116533333335261
1.84,0.114817391300652
1.84,0.113505263159158
1.84373509932976,0.114
1.85149295777606,0.116
1.86,0.115605228758497
1.86933840304048,0.114
1.8796986301341,0.108
1.8796986301341,0.108
1.88,0.11244222222336
1.88,0.107965079364788
1.88,0.108162962964851
1.88157142858606,0.108
1.888406779642,0.11
1.89809090903641,0.112
1.9,0.108859999999317
1.9020156249984,0.108
1.90815160349164,0.106
1.9104233576719,0.104
1.92,0.102012121210903
1.92008247421841,0.102
1.9205205479588,0.098
1.93351470588988,0.1
1.94,0.096141176471067
1.95529032257275,0.098
1.96,0.098834285715748
1.96379220780074,0.098
1.97242105264323,0.096
1.97932394366934,0.09
1.97932394366934,0.09
1.98,0.095373913044108
1.98,0.0899272727280551
1.98,0.090184615382224
1.9884705881083,0.09
1.98956756759524,0.092
1.98982383420203,0.094
2,0.0902252873597766
2.00017391306113,0.088
2.00115294119195,0.09
2.01936842111662,0.086
2.02,0.0859652173947732
2.02126315776948,0.086
2.03641176468781,0.082
2.04,0.0864564102572666
2.04,0.0822464646478588
2.04,0.0815481481448444
2.05685436891823,0.084
2.06,0.0865523809537927
2.06,0.0846352941177604
2.06,0.0813723076933702
2.06915789474944,0.086
2.07474698791856,0.082
2.08,0.0828549019633166
2.08726666669461,0.082
2.1,0.0810904761899886
2.1048723404276,0.08
2.11688461538365,0.078
2.12,0.0777488372097395
2.13536842106534,0.074
2.13536842106534,0.074
2.14,0.0775749999991467
2.14,0.0734823529421591
2.14,0.0745176470578409
2.14245783133206,0.078
2.14261386137644,0.074
2.16,0.0796735632176895
2.16286868687223,0.08
2.17160784310979,0.084
2.18,0.081108496731581
2.18,0.0832288288278953
2.18,0.0847316239333402
2.18903311258969,0.082
2.19821276597006,0.084
2.2,0.0839034482762647
2.22,0.0821101449236751
2.23003076922131,0.084
2.23922162163005,0.078
2.23922162163005,0.078
2.24,0.0846646153848274
2.24,0.0777473684231101
2.24,0.0781999999977244
2.24079558010154,0.078
2.25328571428506,0.086
2.2542064516097,0.088
2.26,0.089575438595871
2.2734029850797,0.088
2.28,0.0863629629599963
2.28577777777588,0.088
2.3,0.0896118518525854
2.3029604519708,0.09
2.30631501831099,0.094
2.31266666667122,0.092
2.32,0.0954480620151317
2.33813592233047,0.094
2.34,0.0937714285714286
2.34853333333722,0.094
2.35361538461466,0.098
2.35361538461466,0.098
2.36,0.0944914285707509
2.36,0.0972279069774294
2.36,0.098897297297425
2.36803225806121,0.098
2.36829319371785,0.096
2.38,0.0972021505379413
2.38264516126253,0.1
2.38710047846877,0.098
2.4,0.101793333332651
2.40064248704855,0.102
2.40847887325229,0.106
2.40847887325229,0.106
2.42,0.103163862928381
2.42,0.105242592592782
2.42,0.106657028112772
2.42760930232005,0.106
2.43690497736204,0.102
2.44,0.101383783781486
2.45266666666768,0.102
2.46,0.102400000001324
2.47583999999109,0.102
2.48,0.101921212120592
2.48065000000446,0.102
2.49399999996928,0.104
2.5,0.104640000002621
2.52,0.104500813009046
2.53664864868001,0.104
2.54,0.103852380953844
2.54354285710568,0.104
2.55711999999299,0.106
2.56,0.10632000000091
2.56509734514078,0.106
2.58,0.104064367813313
2.59846575343631,0.1
2.59846575343631,0.1
2.6,0.104105426355904
2.6,0.0998666666676419
2.6,0.100466666663253
2.6013877550931,0.104
2.62,0.102586046511031
2.62,0.0997742574255616
2.62,0.100950000000569
2.62963380279766,0.1
2.63080000001311,0.102
2.63614159292608,0.104
2.64,0.104213725489995
2.64,0.103192592591514
2.64,0.101066666670466
2.6425952380966,0.104
2.6511515151804,0.1
2.66,0.0990730158770283
2.68,0.0988989247301485
2.68550000000027,0.098
2.69758823528186,0.096
2.7,0.0957266666646187
2.70167346939819,0.096
2.71069902912663,0.098
2.71968715082458,0.1
2.72,0.100466666687147
2.72052336450805,0.1
2.73260526314981,0.098
2.74,0.0969873873857199
2.74449180327013,0.096
2.74472928175491,0.094
2.75079591836459,0.092
2.75998697068537,0.09
2.76,0.089992592593368
2.76005970148648,0.09
2.77701886792412,0.092
2.78,0.0930533333390131
2.78540890688062,0.09
2.78929411762552,0.092
2.7920264900657,0.088
2.8,0.0873197740108225
2.81478481012501,0.086
2.82,0.0854506666667628
2.84,0.0855009523824147
2.84396969696039,0.086
2.85389333335291,0.088
2.85945679008001,0.084
2.86,0.0839818930026119
2.86,0.0840407407440614
2.86,0.0886231292494534
2.86293333354305,0.084
2.86555151513538,0.088
2.86829803922251,0.086
2.87863973063588,0.08
2.88,0.0841580246914779
2.88,0.0805179487187081
2.88,0.0797717514118144
2.88609523807741,0.084
2.9,0.0827833333344427
2.9,0.0804333333230933
2.9,0.0796533333401054
2.90404301076932,0.082
2.92,0.0791536231879722
2.92503448276924,0.08
2.92503448276924,0.08
2.92904545454169,0.078
2.94,0.0773573333330406
2.94,0.0787140740753093
2.94,0.0814837606839977
2.94938378377985,0.08
2.96,0.0765549549562475
2.96073076921895,0.074
2.96867605635012,0.076
2.9749230769264,0.072
2.98,0.070460000002048
2.99149999997269,0.07
3,0.0697384615362479
3.00200000001606,0.07
3.02,0.0718545454577651
3.03240540539865,0.07
3.04,0.068708045976453
3.06,0.0695586206887071
3.06928767123909,0.068
3.08,0.06726572769955
3.09150000000301,0.068
3.1,0.0687006060600969
3.11080373832841,0.068
3.11475630252552,0.066
3.12,0.0652000000012603
3.14,0.0648437810953011
3.15941052634128,0.07
3.15941052634128,0.07
3.16,0.0654190476178216
3.16,0.0697666666745173
3.16,0.0700366013056274
3.16049999997879,0.07
3.17901265821514,0.072
3.18,0.0653762711876425
3.18,0.0718666666649863
3.18,0.0720945454557515
3.18124800001414,0.072
3.18501818180702,0.066
3.2,0.0677439153433484
3.2147802690678,0.066
3.21512499999968,0.068
3.22,0.0650536585384437
3.22,0.0677636363625757
3.22,0.0681106382981146
3.23167567568828,0.064
3.24,0.0631894736844148
3.24,0.0668800000045875
3.24,0.0685894736835751
3.24198496242236,0.066
3.24431775700443,0.064
3.26,0.068396666667008
3.27374285715601,0.07
3.27787341773134,0.072
3.28,0.0726588235269929
3.28442424241434,0.07
3.28447999998672,0.072
3.3,0.0683147540984663
3.31732584270169,0.07
3.32,0.0707212121206931
3.32819417475024,0.072
3.33572307692849,0.074
3.34,0.0748424242421309
3.36,0.0747166666638222
3.36840000000298,0.076
3.36840000000298,0.076
3.37199999999238,0.074
3.38,0.0738618473899213
3.38,0.0744246913566912
3.38,0.0772888888917575
3.38347474746288,0.074
3.39380392154318,0.078
3.39380392154318,0.078
3.39466666668676,0.076
3.4,0.0755580952399142
3.4,0.0771897435874169
3.4,0.0783511111120456
3.4092941176703,0.078
3.42,0.0747410852714242
3.4222893081669,0.078
3.42873118278057,0.076
3.44,0.0799156462615332
3.45861904760173,0.082
3.46,0.0798192592582668
3.46,0.0813555555531283
3.46,0.0827733333320226
3.46140229885665,0.08
3.46471794875867,0.084
3.46796787148398,0.088
3.47315422885781,0.086
3.48,0.0889421383648022
3.5,0.0889088435368327
3.50785882352855,0.088
3.50785882352855,0.088
3.51206015039193,0.09
3.51963076924372,0.084
3.51963076924372,0.084
3.52,0.0912137931024223
3.52,0.086399999999492
3.52,0.0893230769241272
3.52,0.0839836734699382
3.52,0.0840888888860571
3.52039999998744,0.084
3.5302686567298,0.088
3.53628571431135,0.092
3.53868571428114,0.094
3.54,0.09476666667008
3.54201459854701,0.094
3.56,0.0929603375523208
3.56251034483218,0.096
3.57350561796913,0.098
3.57511656442533,0.094
3.58,0.0996055555572622
3.6,0.0987444444433067
3.60895049505943,0.1
3.62,0.100572307691858
3.63529670329326,0.102
3.63665671645558,0.1
3.64,0.102432323232469
3.64,0.100414814809691
3.64,0.0997866666694129
3.64266666663546,0.1
3.65019047620023,0.102
3.66,0.101277192982396
3.66358260869273,0.104
3.66452747252399,0.102
3.67127007299514,0.106
3.68,0.106653551912116
3.69031034483156,0.106
3.69717073169874,0.102
3.69806698565479,0.104
3.7,0.101185964910284
3.70228571429356,0.102
3.70229545453596,0.104
3.70530188678689,0.106
3.70939999999861,0.108
3.72,0.109020740740731
3.73573737372791,0.106
3.73573737372791,0.106
3.74,0.108314666667471
3.74,0.105147474746993
3.74,0.107562962963199
3.75318750001512,0.106
3.75389010986898,0.11
3.76,0.11046333333504
3.76213026820524,0.11
3.76807407406037,0.106
3.76807407406037,0.106
3.78,0.108006837606834
3.78,0.10559496855253
3.78,0.107951515151605
3.78503125000638,0.106
3.7971470588274,0.11
3.8,0.110453801169275
3.82,0.110257971013238
3.84,0.110876595744374
3.85231168830965,0.108
3.85231168830965,0.108
3.85314893615416,0.11
3.85523076922701,0.112
3.86,0.112472380952105
3.86,0.106766666666667
3.86,0.111129824562341
3.86551111110359,0.112
3.86740229886993,0.11
3.87553939394106,0.116
3.87553939394106,0.116
3.8757866666796,0.108
3.88,0.110913333331285
3.88,0.114933333334283
3.88,0.116314529914365
3.88525714285714,0.116
3.88720441990064,0.112
3.9,0.113715555555426
3.92,0.113786666666792
3.93934020620232,0.112
3.94,0.111937254903491
3.94796666667008,0.108
3.95062365591659,0.11
3.95631804281402,0.106
3.95932240438703,0.104
3.96,0.10387083333632
3.96097637793065,0.104
3.96797350993431,0.106
3.98,0.107552136750622
3.9911489361895,0.108
4,0.108338211382283
4.00447311828056,0.108
4.02,0.10676581196681
4.02949433962445,0.104
4.03280000001592,0.106
4.04,0.102453333335154
4.06,0.10353696969819
4.08,0.103717647055271
4.08775221236541,0.102
4.09188837208762,0.1
4.1,0.0991925925925926
4.11855319148128,0.1
4.12,0.10113333334016
4.12261538462702,0.1
4.12730275230276,0.098
4.13644117647574,0.096
4.14,0.0953546666666842
4.14580571428307,0.094
4.16,0.092494545453112
4.17510588235176,0.096
4.17510588235176,0.096
4.18,0.0937066666660312
4.18,0.0950755555568177
4.18,0.0962069651740661
4.18252121211902,0.096
4.2,0.0931886524817899
4.20863917525207,0.092
4.22,0.0908868686867985
4.22665151514893,0.09
4.23072108844463,0.086
4.23457004831385,0.088
4.23631746029983,0.084
4.24,0.0837790476176165
4.2445048543891,0.084
4.24868789809223,0.086
4.26,0.0870571428561676
4.26728767123882,0.084
4.26883582088827,0.086
4.28,0.0827111111111111
4.29503448275505,0.08
4.29599999998635,0.082
4.29780952381349,0.086
4.29780952381349,0.086
4.3,0.0791272727272426
4.3,0.0858562500002133
4.3,0.0862243902436815
4.30140101522649,0.086
4.31234285717349,0.08
4.32,0.080595555553638
4.32348051946734,0.08
4.32348235291982,0.076
4.328,0.078
4.34,0.0750448979596204
4.34802285714241,0.076
4.35651948051509,0.08
4.35651948051509,0.08
4.36,0.0777914529928749
4.36,0.0786256410213754
4.36,0.0803884057973492
4.36630588235802,0.08
4.38,0.0768581818183587
4.39170247933967,0.076
4.4,0.0745449275369339
4.42,0.0753872340429141
4.44,0.0741490196056133
4.44043181817484,0.074
4.45500452488827,0.07
4.45724324325527,0.072
4.46,0.0688129032265907
4.46681481481309,0.07
4.47881967212733,0.074
4.47881967212733,0.074
4.48,0.0716181818188024
4.48,0.0733999999977245
4.48,0.0741469387758832
4.48220408163825,0.074
4.49710638297001,0.068
4.49710638297001,0.068
4.5,0.0706807017543708
4.5,0.0677075268806464
4.5,0.0688242424251903
4.50346496816375,0.068
4.51092957747318,0.07
4.51307826087217,0.072
4.52,0.0726170542635895
4.52,0.0696024691357538
4.52,0.0708944444438756
4.52317241379205,0.07
4.52845871559922,0.076
4.53499159665328,0.074
4.54,0.0774459770113384
4.55133333332202,0.076
4.56,0.0741137254896575
4.56669281046912,0.078
4.5669743589917,0.08
4.57457575757939,0.076
4.58,0.0811678160918371
4.6,0.0807587301583153
4.60836363637367,0.082
4.62,0.083813333331968
4.62263529413248,0.084
4.64,0.0848785714293029
4.6550720000124,0.086
4.66,0.0864775193786222
4.67110344832057,0.09
4.67383098591881,0.088
4.68,0.0906370370339355
4.68734426229426,0.094
4.7,0.0914206896538217
4.7,0.0923574468089359
4.7,0.0956782608683676
4.70151351351532,0.092
4.70782857143069,0.098
4.71233333336216,0.096
4.72,0.0991064935064972
4.73794782608522,0.1
4.74,0.101123809535624
4.74144881886702,0.102
4.76,0.103106103286643
4.76684892086634,0.104
4.77655491328892,0.108
4.77667924528687,0.106
4.78,0.108903030303211
4.8,0.109284507041827
4.80218604651039,0.112
4.80502970297269,0.11
4.81264000000105,0.114
4.81451428572454,0.116
4.82,0.11651891891773
4.83115094339816,0.12
4.84,0.117921212121833
4.84,0.118105050504288
4.84,0.121839215688089
4.84067096773763,0.118
4.84131199998469,0.122
4.84987586207601,0.124
4.85841610738971,0.126
4.86,0.126212612611623
4.88,0.126020338981915
4.8845714285853,0.13
4.88773509933588,0.128
4.88981250000648,0.134
4.89541176470371,0.132
4.9,0.134846753246801
4.9119268292658,0.134
4.92,0.132302564099365
4.92599095022643,0.134
4.92756834532414,0.136
4.93390082645107,0.138
4.93434029850813,0.142
4.93832352941027,0.14
4.94,0.142810256410181
4.96,0.143211904762459
4.96813333328637,0.148
4.97161403507509,0.146
4.97423655913717,0.144
4.98,0.148791111116403
4.98409195405113,0.148
5,0.14660202020198
5.00462876254255,0.148
5.00730386740344,0.15
5.01732307693084,0.154
5.0177894736854,0.152
5.02,0.154504347824755
5.02799999999247,0.154
5.04,0.153304000000795
5.04107692311085,0.158
5.0440941176387,0.154
5.04424489796264,0.156
5.05703529411307,0.162
5.06,0.158793548387233
5.06,0.161495999999594
5.06,0.1626631578951
5.07466666667666,0.16
5.08,0.162781818182653
5.08828865978845,0.164
5.1,0.164841481480651
5.11737777779024,0.166
5.12,0.166491666666624
5.13080597014378,0.168
5.13477966103234,0.17
5.14,0.170603921566946
5.15498947368098,0.172
5.16,0.172417543860458
5.18,0.17358373983694
5.2,0.173697777776868
5.21360000004096,0.174
5.22,0.174266666665643
5.22885106381236,0.176
5.23948214285897,0.178
5.24,0.17807891156438
5.24214814814219,0.178
5.25940740737887,0.176
5.26,0.175937254898824
5.26059259262294,0.176
5.26945098039953,0.178
5.28,0.179434666665111
5.29582352940071,0.178
5.3,0.17740833333248
5.30201418440036,0.178
5.30407017545151,0.18
5.3096666667173,0.182
5.32,0.183653333329183
5.32547368427134,0.184
5.34,0.184459999996587
5.3417692307561,0.184
5.35039999999921,0.182
5.35949999998293,0.18
5.36,0.179986206896091
5.38,0.178435555552788
5.38316129028746,0.178
5.4,0.176486956518931
5.40725000001166,0.178
5.41342857148374,0.18
5.42,0.180127777776975
5.43971428562568,0.18
5.44,0.179988888885476
5.44007407409678,0.18
5.44994444441606,0.178
5.44994444441606,0.178
5.46,0.180491324200864
5.46,0.176391111106936
5.46,0.178804444446532
5.46738775510968,0.178
5.47749514563852,0.184
5.47749514563852,0.184
5.48,0.18066440677989
5.48,0.183641666667477
5.48,0.184229333332611
5.48177931033852,0.184
5.48532126696314,0.18
5.48882857143355,0.178
5.4961064638686,0.176
5.5,0.174448484846409
5.50201360543969,0.174
5.51231111111777,0.172
5.52,0.170846666668715
5.53537777778546,0.172
5.54,0.172200966182843
5.54729824558791,0.172
5.56,0.171475362318417
5.5711256830606,0.17
5.58,0.168823188406251
5.6,0.169469767440525
5.60651546391609,0.168
5.61549629629829,0.162
5.62,0.166208219177767
5.62,0.163125925925769
5.62,0.161379591837033
5.62201769911179,0.166
5.6326428571263,0.164
5.64,0.161382456139685
5.64851891890658,0.16
5.66,0.158390909089358
5.68,0.15823407407327
5.68295327101825,0.158
5.7,0.15700327868819
5.70572727272947,0.154
5.70651063829257,0.156
5.71526829267539,0.152
5.7196056338047,0.15
5.72,0.149912500000427
5.72133333332987,0.15
5.73365217392383,0.154
5.7338571428545,0.152
5.74,0.15483428571458
5.74339473685202,0.152
5.74587919463313,0.154
5.74839999998736,0.15
5.76,0.14840784313837
5.76273684211162,0.148
5.76915923566651,0.146
5.77264220184089,0.144
5.77469260700676,0.142
5.78,0.140622222221781
5.79532584269556,0.142
5.8,0.142433333333333
5.80717241379817,0.142
5.80847244095319,0.138
5.80852747255256,0.14
5.82,0.137212903226767
5.83089855072645,0.136
5.84,0.134768627450136
5.84590954773154,0.134
5.85057707509158,0.132
5.85374898785394,0.13
5.86,0.129348523207266
5.88,0.128682828281183
5.88373480661894,0.128
5.88399999998954,0.126
5.89144827585199,0.124
5.9,0.122425396825632
5.91116666666468,0.122
5.91360606059451,0.12
5.91997037037341,0.116
5.92,0.11872121212049
5.92,0.11601666666496
5.92,0.11599738562118
5.92009302324607,0.116
5.92421238938798,0.118
5.93278661087701,0.114
5.94,0.116648484850347
5.94,0.115336434106938
5.94,0.113201851852421
5.94375438597434,0.116
5.95018039216087,0.112
5.96,0.11001269841141
5.96030769227667,0.11
5.98,0.109598431372452
5.99227710843306,0.108
5.99434355828418,0.104
5.99924087590632,0.106
6,0.102902380952625
6.01844000001101,0.104
6.02,0.104126829267357
6.02057352940725,0.104
6.0212187499904,0.1
6.02176785713737,0.102
6.0289210526235,0.098
6.04,0.0968773333334338
6.04802439023937,0.096
6.05591608390416,0.092
6.05709090909323,0.094
6.06,0.091487719296642
6.06507826089365,0.092
6.0744411764716,0.096
6.0744411764716,0.096
6.08,0.0932999999996276
6.08,0.0950999999985371
6.08,0.0967411764709
6.08251162790986,0.096
6.09015384615295,0.092
6.09395180722496,0.088
6.1,0.0900190476171529
6.1,0.0899686274541552
6.1,0.0866613333316906
6.10007142856412,0.09
6.10597590359914,0.086
6.11322772277235,0.084
6.12,0.0828599999993173
6.12860000001666,0.082
6.14,0.0808000000011498
6.14866666659082,0.078
6.15688888884574,0.08
6.16,0.0775466666590936
6.16536842110914,0.078
6.18,0.0795444444501333
6.18868750000976,0.078
6.19993442620934,0.074
6.2,0.0773811965804713
6.2,0.0740049382731182
6.2,0.0739958333320533
6.20028571437433,0.074
6.21405217390054,0.076
6.22,0.0745749999957333
6.24,0.0755313131293673
6.24789583332514,0.074
6.25115151513361,0.072
6.25428112450222,0.07
6.26,0.0689681159422974
6.27627692310411,0.066
6.28,0.0699353535353134
6.28,0.0664033333310874
6.28,0.0655863247888239
6.29113953487658,0.068
6.29801941748648,0.064
6.3,0.0636600000006554
6.30111475409152,0.064
6.31270000000157,0.068
6.316466666666,0.07
6.31844067795117,0.074
6.31844067795117,0.074
6.32,0.0659200000009102
6.32,0.0662823529383041
6.32,0.0707310344837457
6.32,0.0735999999962008
6.32,0.0743172413819339
6.32118032785661,0.066
6.3214526315931,0.074
6.33297959182882,0.07
6.34,0.0697059829054371
6.34458666667133,0.07
6.34458666667133,0.07
6.35798198198236,0.068
6.35990960451977,0.074
6.35990960451977,0.074
6.36,0.0677425287354504
6.36,0.0683246376808704
6.36,0.071167676766744
6.36,0.0739619047620162
6.36,0.0740106666666754
6.36013559322029,0.074
6.36243478260653,0.068
6.37667039106871,0.076
6.37993103448987,0.07
6.38,0.0699950617289045
6.38,0.075594557824353
6.38,0.0762759259252917
6.38003809523418,0.07
6.38405442175647,0.076
6.38449382713532,0.072
6.39637606837097,0.066
6.39637606837097,0.066
6.4,0.0728373333334732
6.4,0.0656927536228684
6.4,0.0662771241834307
6.40145205479733,0.066
6.41281632653832,0.072
6.41281632653832,0.072
6.41516521738516,0.074
6.42,0.0744212121215224
6.42,0.0715210884362886
6.42,0.0731174603159495
6.43502702704642,0.074
6.43852631576633,0.072
6.44,0.0724666666734934
6.4420219780107,0.074
6.44355882354621,0.078
6.46,0.0758804597694266
6.46,0.0760888888895424
6.46,0.0793551515148952
6.46116853933532,0.076
6.47215217390986,0.078
6.47659016393557,0.082
6.47659016393557,0.082
6.48,0.0770743589735713
6.48,0.0815047619047619
6.48,0.082239080459939
6.48526582278891,0.082
6.48925966849836,0.076
6.5,0.07498749999872
6.50696774193969,0.076
6.50825531915101,0.082
6.51406060606933,0.078
6.52,0.079959999995904
6.52,0.0800285714314971
6.52,0.0830615384616354
6.52020000002034,0.08
6.54,0.0839794871787978
6.55666187050409,0.082
6.56,0.0810901960773353
6.56682352941177,0.082
6.57442990654017,0.084
6.58,0.0849030303032108
6.59887999999258,0.088
6.6,0.0856848484905355
6.6,0.0866933333197892
6.6,0.088133333334225
6.60074285712617,0.086
6.62,0.0893922480624172
6.64,0.0889723076918087
6.65065168540031,0.088
6.65727586206929,0.092
6.65926923076645,0.09
6.65986885244564,0.094
6.66,0.0872701754393151
6.66,0.0899126436776284
6.66,0.0940190476209981
6.66262068965634,0.09
6.66262068965634,0.09
6.67310236220662,0.088
6.68,0.0941925925909295
6.68,0.08926956521448
6.68,0.0906222222247843
6.68089655171686,0.094
6.68494117648476,0.09
6.7,0.0925610389613006
6.72,0.0926533333346441
6.73035897434454,0.094
6.73182051281359,0.096
6.73549333331545,0.1
6.73928042325961,0.098
6.74,0.100375555557148
6.74152808992699,0.098
6.74582758621515,0.1
6.76,0.0965948717924589
6.77118367348045,0.098
6.77460465118441,0.102
6.77481081081943,0.1
6.78,0.102644444442169
6.78454901959726,0.102
6.8,0.100078048780527
6.82,0.100280225990455
6.83984000014733,0.1
6.84,0.0999975308664712
6.86,0.099288888875539
6.86033333356544,0.102
6.87377777778916,0.104
6.88,0.0999981220643821
6.88,0.100033333356544
6.88,0.104481720429545
6.8801538462634,0.1
6.88923711340273,0.104
6.9,0.10206666666606
6.90700671140047,0.104
6.92,0.105093785310355
6.9336338028051,0.104
6.94,0.102325925925184
6.9480000000116,0.104
6.96,0.104922448980256
6.97076190476166,0.104
6.98,0.102706666667977
6.98646666666894,0.104
7,0.10509729729772
7.00655263157625,0.102
7.00798688524939,0.104
7.01528491619721,0.098
7.01726451613323,0.1
7.02,0.0971725490202031
7.03055000000512,0.098
7.03462068971985,0.1
7.04,0.100324999995691
7.04828865977445,0.102
7.06,0.102688484849221
7.08,0.10237101449137
7.0853333333083,0.102
7.09480272109173,0.096
7.09480272109173,0.096
7.1,0.100533333333333
7.1,0.0957003921572724
7.1,0.0966529914515983
7.10931707317902,0.096
7.11050746270905,0.102
7.12,0.102415686273137
7.13072566371514,0.104
7.14,0.104895726495256
7.14919298245945,0.104
7.151390476181,0.1
7.15425850339143,0.102
7.15621960784627,0.098
7.15831111111945,0.096
7.16,0.0955594202910526
7.16310204080869,0.096
7.18,0.0978399999979611
7.2,0.0973933333326507
7.21247761194563,0.096
7.21897560977954,0.094
7.21927638190199,0.09
7.21927638190199,0.09
7.22,0.0938666666697874
7.22,0.0898999999988622
7.22,0.090218181820258
7.2207272727348,0.09
7.22087499998016,0.094
7.22409756096827,0.096
7.23422222221436,0.098
7.24,0.0990758620725501
7.24866666668285,0.098
7.25552380953861,0.096
7.25786666669046,0.1
7.25786666669046,0.1
7.26,0.095651851852852
7.26,0.0998545454567571
7.26,0.100096969695375
7.26110344825989,0.1
7.27927272724565,0.092
7.27927272724565,0.092
7.28,0.0951733333335518
7.28,0.0919741935475233
7.28,0.0920444444458603
7.28029268293638,0.092
7.3,0.09445555555328
7.3067628865713,0.094
7.31616000000315,0.092
7.32,0.0912470588262506
7.32805063293928,0.09
7.34,0.089596581196793
7.35573333335482,0.09
7.36,0.0912190476076791
7.37023999997641,0.09
7.37293617020097,0.084
7.37342510121181,0.088
7.38,0.0872375586852813
7.38,0.0844024242427709
7.38,0.0837087719294653
7.39008695652298,0.088
7.39678980893952,0.086
7.4,0.0896625000004267
7.4,0.0864799999969417
7.4,0.0829391304351336
7.40841379310618,0.084
7.41899999998635,0.088
7.42,0.0857684210507254
7.42910344831561,0.086
7.44,0.086309803921597
7.44486153846325,0.086
7.45634080716654,0.09
7.45634080716654,0.09
7.46,0.084687999997833
7.46,0.0890620689656211
7.46,0.0908000000006425
7.46927272728272,0.09
7.48,0.0843757575757576
7.49331677019481,0.086
7.5,0.0863985185179414
7.50648192770011,0.086
7.50717050690639,0.084
7.52,0.082106122448188
7.53312280701687,0.086
7.5340606060577,0.084
7.54,0.0867999999995542
7.54273267326383,0.082
7.54532126697253,0.084
7.54656983240305,0.086
7.55502912621458,0.078
7.55502912621458,0.078
7.56,0.0802901960763716
7.56,0.0769960784301631
7.56,0.0795515151544038
7.56701369862424,0.078
7.57331297710548,0.082
7.57550967743343,0.086
7.58,0.08321666666496
7.58,0.0848952380980616
7.58,0.0863569230757752
7.58568831167882,0.082
7.58638532109397,0.086
7.59064150942836,0.084
7.59725443787919,0.08
7.6,0.084501010102976
7.6,0.0836325925918806
7.6,0.0789688888883064
7.60286705203293,0.084
7.62,0.0784945454563472
7.62848000001573,0.076
7.62971428573435,0.078
7.64,0.07552
7.65873972603266,0.074
7.66,0.0738797385626752
7.66090196078102,0.074
7.66877777778416,0.076
7.67027642277584,0.078
7.68,0.0792458333320533
7.68696153846787,0.08
7.69429508194322,0.084
7.69861538451602,0.082
7.7,0.0844549019632788
7.70333014355668,0.084
7.71518584070307,0.078
7.71518584070307,0.078
7.72,0.0826951310856886
7.72,0.077605797100613
7.72,0.0783942028993869
7.72922033900762,0.078
7.73853191488772,0.084
7.74,0.0841614035095485
7.75631654677384,0.076
7.75631654677384,0.076
7.76,0.0842247619065809
7.76,0.0756207407417818
7.76,0.0774222222176711
7.76280952383117,0.084
7.76467579907486,0.076
7.77175757577729,0.082
7.78,0.081629931973749
7.7908800000118,0.082
7.8,0.0831692307647712
7.82,0.0828318181815093
7.83535664334544,0.082
7.84,0.0808933333292373
7.86,0.0819234567898126
7.87760451978429,0.08
7.88,0.0797055555572622
7.9,0.0795058823547553
7.90409756095495,0.08
7.91237333333897,0.082
7.91733333331947,0.084
7.92,0.0842036363645535
7.9306618705037,0.086
7.93267199999728,0.088
7.94,0.0884557213926917
7.96,0.089377777779396
7.96690909088472,0.086
7.96759183672951,0.088
7.98,0.0854
7.99080000002212,0.086
8,0.0864088888870684
8.01278571429099,0.088
8.02,0.0887695238090735
8.04,0.089113043478457
8.0591250000128,0.09
8.06,0.0903111111086839
8.08,0.0907827956984076
8.09775609755211,0.09
8.1,0.0898606060599855
8.12,0.089821052632464
8.12141666665894,0.09
8.12996078432309,0.092
8.13847058826033,0.098
8.13847058826033,0.098
8.14,0.0933837837830737
8.14,0.0976285714343114
8.14,0.098073239435337
8.14092857141241,0.098
8.16,0.0922491803275049
8.16786206895695,0.092
8.16786206895695,0.092
8.17511320755108,0.094
8.18,0.0948222222220488
8.18,0.0910613333325644
8.18,0.0928091954028703
8.2,0.0945240310084549
8.2,0.0911393939383107
8.2,0.0925916666641067
8.20354999999191,0.092
8.2072307691949,0.09
8.22,0.0952256410242353
8.22,0.0894175438583027
8.22,0.0906707070719508
8.22553333333638,0.09
8.24,0.0944620155033384
8.25324444444137,0.092
8.25324444444137,0.092
8.26,0.0948722222205156
8.26,0.0918013071896223
8.26,0.0923897435903576
8.26313402061393,0.092
8.28,0.0955450980402739
8.29260800001204,0.094
8.3,0.0920750000059733
8.30519101122104,0.094
8.30845454542374,0.098
8.30963779528049,0.096
8.32,0.0985941520474762
8.32659740259746,0.098
8.33548235296993,0.096
8.34,0.0945777777866777
8.34282352939107,0.096
8.36,0.0969982905988148
8.37716582913511,0.094
8.38,0.0971125000004267
8.38,0.0944177777793312
8.38,0.0937424657523322
8.38220312500909,0.094
8.39563302750661,0.098
8.3990800000041,0.092
8.4,0.0994424242459448
8.4,0.0920776371304359
8.4,0.0917885057479187
8.40347445256814,0.098
8.41445161290545,0.096
8.41587456447047,0.094
8.42,0.0915510548527827
8.42929729725972,0.096
8.42976146787689,0.092
8.44,0.0925095890416022
8.44,0.0957836065564759
8.44,0.0963771428588727
8.45875862068583,0.094
8.46,0.0969636363610863
8.46332307694092,0.094
8.46521311474285,0.096
8.4720000000113,0.092
8.47877227725487,0.09
8.48,0.0896820512889022
8.48130526312856,0.09
8.48990243901426,0.092
8.49217977527391,0.094
8.49574757281101,0.098
8.49574757281101,0.098
8.5,0.0959333333310578
8.5,0.096053333335081
8.5,0.098417142857582
8.50742372882476,0.098
8.5170721649292,0.092
8.52,0.095331282051494
8.52,0.0921972222233079
8.52,0.091757264955642
8.52265420562408,0.092
8.53532919254599,0.088
8.53867625897766,0.094
8.53886238528878,0.09
8.54,0.0872627450980392
8.54,0.090125252528743
8.54,0.0938196078409452
8.54087323946082,0.09
8.54828571428269,0.092
8.54859428572133,0.088
8.56,0.0910172284644843
8.57847619047726,0.09
8.58,0.089773737373597
8.58283544303724,0.09
8.6,0.0909039999995325
8.62,0.0917203252037783
8.64,0.0916242424237008
8.64428800000726,0.09
8.65436799999908,0.086
8.66,0.0880745098028066
8.66,0.087805128207972
8.66,0.084194871792028
8.66189999996928,0.088
8.6671836734784,0.086
8.67793220338157,0.082
8.67793220338157,0.082
8.68,0.0872686868669918
8.68,0.0817288888878937
8.68,0.0825809523821784
8.68076971609206,0.082
8.69167741935152,0.088
8.69470212765304,0.09
8.69841509433962,0.092
8.7,0.0921931034484122
8.70152036199149,0.092
8.70796799999913,0.09
8.70874576272601,0.088
8.72,0.0870376811607521
8.73256140349185,0.086
8.73607407405638,0.084
8.74,0.0833575757550482
8.76,0.0825011494270537
8.78,0.083331531530979
8.8,0.0826545454493549
8.80294039736375,0.084
8.80600000003354,0.086
8.81218972332605,0.088
8.82,0.0889148148144356
8.82617931034897,0.08
8.83068879669075,0.084
8.83092682929046,0.086
8.83335135135838,0.088
8.83536134453543,0.078
8.83627184465706,0.082
8.84,0.0774588235291708
8.84268531468791,0.082
8.84606593406918,0.078
8.84894642857486,0.08
8.8507368421066,0.084
8.86,0.0850937853100222
8.87062251656367,0.086
8.87076521739501,0.082
8.87076521739501,0.082
8.88,0.0868137931026106
8.88,0.080611764707243
8.88,0.0833111111113471
8.89256804733153,0.082
8.89361538461321,0.086
8.9,0.0849939393933075
8.90542148758701,0.084
8.90923529412367,0.082
8.92,0.0812606060605609
8.93013793103426,0.084
8.93013793103426,0.084
8.93459649121674,0.08
8.94,0.0791199999985644
8.94,0.0822666666669977
8.94,0.0848800000006386
8.94837073171545,0.084
8.96,0.0797059829040368
8.96435443040521,0.08
8.97436144577959,0.084
8.97436144577959,0.084
8.97983410138436,0.086
8.98,0.0812874999995733
8.98,0.0828444444443096
8.98,0.0862399999982524
8.98013584905515,0.086
8.9849263157906,0.084
9,0.0803496855354739
9.0132525252471,0.082
9.02,0.0835904761887486
9.02835000000681,0.082
9.04,0.0807573333338052
9.04979310345549,0.08
9.06,0.0782840579725424
9.06675862067953,0.078
9.06954838710939,0.08
9.0781721854413,0.082
9.08,0.0777090909071501
9.08,0.0784571428610438
9.08,0.0822358974345186
9.08556521743384,0.078
9.1,0.0837935483854715
9.10768000004667,0.084
9.11537327189868,0.082
9.12,0.0801407407418195
9.12,0.0832395061721203
9.12,0.0849333333338298
9.12707042251706,0.082
9.137599999923,0.086
9.14,0.0861600000054613
9.15471999998445,0.088
9.1569142857224,0.084
9.1569142857224,0.084
9.16,0.0883384615386339
9.16,0.0838229508200743
9.16,0.0853499999982933
9.16476470588207,0.084
9.16618749999848,0.088
9.18,0.0869839080467173
9.1840787401533,0.084
9.18512574851709,0.086
9.2,0.0821277777775881
9.20563265304581,0.082
9.22,0.0813982905972062
9.22951351354092,0.082
9.24,0.0826015503865513
9.24872289156859,0.086
9.25639999998028,0.084
9.26,0.0873000000015929
9.27821621621457,0.096
9.27821621621457,0.096
9.28,0.0875379310343918
9.28,0.0957555555554881
9.28,0.0962237288137131
9.2835675675706,0.096
9.28992592592338,0.088
9.3,0.0886325581392336
9.3177391304411,0.088
9.31982022474294,0.09
9.32,0.090016666664448
9.32,0.0897333333633707
9.32,0.0877688888899326
9.32017777775424,0.09
9.33675362320618,0.084
9.33675362320618,0.084
9.34,0.0870133333346987
9.34,0.0834256410289372
9.34,0.0843111111088355
9.34170992365264,0.084
9.35047787608752,0.088
9.35221917807889,0.09
9.35924463518766,0.094
9.35924463518766,0.094
9.36,0.0918031746070136
9.36,0.0928266666531226
9.36,0.0940617543864115
9.36149152543246,0.094
9.38,0.0916888888864616
9.38301986756095,0.09
9.38398048780241,0.088
9.39260759495161,0.086
9.4,0.0853047619061272
9.40345562129575,0.086
9.40909695291036,0.088
9.41232692308039,0.09
9.41864999997565,0.092
9.42,0.0921469387781124
9.42900000007851,0.092
9.42900000007851,0.092
9.43354285713713,0.096
9.4378039215588,0.094
9.44,0.0969416666669511
9.44,0.0916173913035013
9.44,0.0928799999991262
9.4477647059289,0.092
9.45383673468418,0.096
9.46,0.0956467836246939
9.46433333331172,0.092
9.47915646259545,0.088
9.48,0.0940991452965708
9.48,0.0938567901270752
9.48,0.090525490194784
9.48,0.0883757575726433
9.48,0.0878966666678886
9.48145882351136,0.088
9.48218867919499,0.094
9.49379816514918,0.092
9.49410526317306,0.09
9.5,0.0928345679006053
9.5,0.0904977777761758
9.5,0.0897511111125917
9.50609009007052,0.092
9.51165432097038,0.094
9.52,0.0945633333343573
9.52,0.0933909909908952
9.52,0.0899362318858956
9.52488888887473,0.09
9.52682828282516,0.094
9.53225396826551,0.092
9.54,0.0928561403492358
9.55790140844513,0.096
9.55790140844513,0.096
9.56,0.0925955555580192
9.56,0.0953591397835198
9.56,0.0968637681176661
9.56224060150892,0.096
9.564743362854,0.092
9.57873749999578,0.09
9.58,0.0895919191902592
9.6,0.0896592592633384
9.62,0.0898060606039393
9.62863768117818,0.088
9.64,0.0868637681164686
9.64402051281002,0.088
9.65210752688306,0.09
9.65958422938062,0.096
9.65958422938062,0.096
9.66,0.0916587570611083
9.66,0.0952266666570547
9.66,0.0960859259279325
9.66055502393679,0.096
9.66908978327862,0.09
9.67948387096945,0.092
9.68,0.0920111111111111
9.68,0.0919909604519805
9.68,0.0886651515146861
9.68013793103461,0.092
9.68952112676744,0.084
9.69257803468536,0.086
9.69848421054606,0.088
9.69987628865812,0.082
9.7,0.0819888888887372
9.70015483871172,0.082
9.70865116279286,0.084
9.7108062827327,0.09
9.7108062827327,0.09
9.71546987949271,0.086
9.72,0.0867372549076678
9.72,0.0885366666646938
9.72,0.0906226950352966
9.73263309352193,0.09
9.74,0.0872527131776979
9.75879069768337,0.086
9.75897841726457,0.082
9.76,0.085752380953607
9.76,0.082556862746572
9.76,0.0812111111099733
9.76446060605079,0.084
9.76501149424133,0.08
9.77729523810372,0.078
9.7773930348303,0.076
9.78,0.0757945098042254
9.78172121211665,0.078
9.78200766283246,0.076
9.78835897437156,0.08
9.8,0.0810809523804648
9.80875247524525,0.086
9.80875247524525,0.086
9.81464516130307,0.08
9.82,0.0797911949692456
9.82,0.0853581920906183
9.82,0.0867012345684331
9.83420000002472,0.086
9.84,0.0795148148139805
9.85549333334157,0.082
9.85549333334157,0.082
9.86,0.0788177777752534
9.86,0.0812229885075524
9.86,0.0833254901936596
9.86609009007052,0.082
9.87443137254852,0.078
9.88,0.0776735632195727
9.88607407409655,0.08
9.88631111108668,0.078
9.9,0.0812533333309304
9.91504000009437,0.08
9.91539999998894,0.078
9.92,0.0771238095224721
9.92168807340106,0.078
9.92168807340106,0.078
9.92400000001111,0.076
9.94,0.0754479532171341
9.94,0.0766421768699021
9.94,0.078792063492226
9.95357823130098,0.078
9.95498412697273,0.076
9.96,0.0765015873027266
9.96214965986644,0.076
9.98,0.0748180180173638
9.98909844559161,0.072
9.99156687896856,0.074
9.99812307693025,0.066
10,0.0701543859626355
10,0.0665422222224407
10,0.0655719298266037
